nmtf,mu,0,0.5351069196613072,80,0
nmtf,mu,1,0.5342227616990797,80,0
nmtf,mu,2,0.5342129257508502,80,0
nmtf,mu,3,0.534207135999067,80,0
nmtf,mu,4,0.5342013496228252,80,0
nmtf,mu,5,0.5341955347458722,80,0
nmtf,mu,6,0.5341896842155333,80,0
nmtf,mu,7,0.5341837909105447,80,0
nmtf,mu,8,0.5341778475674419,80,0
nmtf,mu,9,0.5341718467557982,80,0
nmtf,mu,10,0.5341657808526605,80,0
nmtf,mu,11,0.5341596420157497,80,0
nmtf,mu,12,0.5341534221553019,80,0
nmtf,mu,13,0.5341471129043657,80,0
nmtf,mu,14,0.5341407055873393,80,0
nmtf,mu,15,0.5341341911865274,80,0
nmtf,mu,16,0.534127560306457,80,0
nmtf,mu,17,0.5341208031356822,80,0
nmtf,mu,18,0.5341139094057696,80,0
nmtf,mu,19,0.5341068683471251,80,0
nmtf,mu,20,0.5340996686412864,80,0
nmtf,mu,21,0.5340922983692615,80,0
nmtf,mu,22,0.5340847449554416,80,0
nmtf,mu,23,0.5340769951065605,80,0
nmtf,mu,24,0.5340690347451109,80,0
nmtf,mu,25,0.5340608489365453,80,0
nmtf,mu,26,0.5340524218095097,80,0
nmtf,mu,27,0.5340437364682531,80,0
nmtf,mu,28,0.5340347748962455,80,0
nmtf,mu,29,0.5340255178498989,80,0
nmtf,mu,30,0.5340159447411359,80,0
nmtf,mu,31,0.5340060335073673,80,0
nmtf,mu,32,0.5339957604672396,80,0
nmtf,mu,33,0.5339851001602576,80,0
nmtf,mu,34,0.5339740251681246,80,0
nmtf,mu,35,0.5339625059152886,80,0
nmtf,mu,36,0.533950510445815,80,0
nmtf,mu,37,0.5339380041732341,80,0
nmtf,mu,38,0.5339249495994893,80,0
nmtf,mu,39,0.5339113059984595,80,0
nmtf,mu,40,0.5338970290587903,80,0
nmtf,mu,41,0.5338820704798679,80,0
nmtf,mu,42,0.5338663775137021,80,0
nmtf,mu,43,0.5338498924442158,80,0
nmtf,mu,44,0.5338325519939079,80,0
nmtf,mu,45,0.5338142866460273,80,0
nmtf,mu,46,0.5337950198681731,80,0
nmtf,mu,47,0.5337746672205694,80,0
nmtf,mu,48,0.5337531353290061,80,0
nmtf,mu,49,0.5337303206984715,80,0
nmtf,mu,50,0.5337061083386687,80,0
nmtf,mu,51,0.5336803701666539,80,0
nmtf,mu,52,0.5336529631445114,80,0
nmtf,mu,53,0.5336237271009158,80,0
nmtf,mu,54,0.5335924821741806,80,0
nmtf,mu,55,0.5335590258003418,80,0
nmtf,mu,56,0.5335231291522426,80,0
nmtf,mu,57,0.5334845329134477,80,0
nmtf,mu,58,0.533442942242825,80,0
nmtf,mu,59,0.5333980207501005,80,0
nmtf,mu,60,0.5333493832573191,80,0
nmtf,mu,61,0.5332965870629648,80,0
nmtf,mu,62,0.5332391213504892,80,0
nmtf,mu,63,0.5331763942858316,80,0
nmtf,mu,64,0.5331077172219464,80,0
nmtf,mu,65,0.5330322852627061,80,0
nmtf,mu,66,0.532949153220585,80,0
nmtf,mu,67,0.5328572057143047,80,0
nmtf,mu,68,0.5327551197697531,80,0
nmtf,mu,69,0.5326413177765226,80,0
nmtf,mu,70,0.5325139079681009,80,0
nmtf,mu,71,0.5323706086744497,80,0
nmtf,mu,72,0.532208651358945,80,0
nmtf,mu,73,0.532024655788434,80,0
nmtf,mu,74,0.531814468456234,80,0
nmtf,mu,75,0.5315729524151922,80,0
nmtf,mu,76,0.5312937128019564,80,0
nmtf,mu,77,0.5309687374089105,80,0
nmtf,mu,78,0.5305879257371294,80,0
nmtf,mu,79,0.5301384736069061,80,0
nmtf,mu,80,0.5296040754066347,80,0
nmtf,mu,81,0.5289639069356175,80,0
nmtf,mu,82,0.5281913686781089,80,0
nmtf,mu,83,0.5272526232581557,80,0
nmtf,mu,84,0.5261050918050909,80,0
nmtf,mu,85,0.5246963491762517,80,0
nmtf,mu,86,0.5229643641977981,80,0
nmtf,mu,87,0.5208408020643382,80,0
nmtf,mu,88,0.5182598817165036,80,0
nmtf,mu,89,0.5151750276125346,80,0
nmtf,mu,90,0.5115821899184263,80,0
nmtf,mu,91,0.5075408011485909,80,0
nmtf,mu,92,0.5031753655392317,80,0
nmtf,mu,93,0.4986453384124928,80,0
nmtf,mu,94,0.49409420942488613,80,0
nmtf,mu,95,0.48961009513411224,80,0
nmtf,mu,96,0.4852227556923998,80,0
nmtf,mu,97,0.48093290409814304,80,0
nmtf,mu,98,0.47674875081293944,80,0
nmtf,mu,99,0.472704960585567,80,0
nmtf,mu,100,0.4688543174056964,80,0
nmtf,mu,101,0.4652416733259981,80,0
nmtf,mu,102,0.4618802701329944,80,0
nmtf,mu,103,0.45874427147907937,80,0
nmtf,mu,104,0.4557767953545262,80,0
nmtf,mu,105,0.4529045164862351,80,0
nmtf,mu,106,0.45005119979371255,80,0
nmtf,mu,107,0.4471472595832472,80,0
nmtf,mu,108,0.44413574639005104,80,0
nmtf,mu,109,0.44097617989970506,80,0
nmtf,mu,110,0.4376472569827843,80,0
nmtf,mu,111,0.43414855804290864,80,0
nmtf,mu,112,0.43050053860155246,80,0
nmtf,mu,113,0.4267417981153756,80,0
nmtf,mu,114,0.42292318205829826,80,0
nmtf,mu,115,0.4190995065199419,80,0
nmtf,mu,116,0.4153208018217124,80,0
nmtf,mu,117,0.4116252030495444,80,0
nmtf,mu,118,0.4080349680151961,80,0
nmtf,mu,119,0.4045560823109571,80,0
nmtf,mu,120,0.401180915108189,80,0
nmtf,mu,121,0.39789266021613434,80,0
nmtf,mu,122,0.39467008557435035,80,0
nmtf,mu,123,0.39149148438363157,80,0
nmtf,mu,124,0.38833735998331087,80,0
nmtf,mu,125,0.38519187862402005,80,0
nmtf,mu,126,0.38204334349745805,80,0
nmtf,mu,127,0.3788839720610151,80,0
nmtf,mu,128,0.37570921638885324,80,0
nmtf,mu,129,0.3725168184272185,80,0
nmtf,mu,130,0.3693058195885044,80,0
nmtf,mu,131,0.3660758489518434,80,0
nmtf,mu,132,0.3628269280310614,80,0
nmtf,mu,133,0.35955964168014176,80,0
nmtf,mu,134,0.35627527795027103,80,0
nmtf,mu,135,0.3529757170249913,80,0
nmtf,mu,136,0.3496631454604917,80,0
nmtf,mu,137,0.34633976953682644,80,0
nmtf,mu,138,0.343007622411053,80,0
nmtf,mu,139,0.3396684767192417,80,0
nmtf,mu,140,0.3363238536378219,80,0
nmtf,mu,141,0.33297510178214673,80,0
nmtf,mu,142,0.3296235230150316,80,0
nmtf,mu,143,0.3262706484943205,80,0
nmtf,mu,144,0.3229188293285492,80,0
nmtf,mu,145,0.31957203460162953,80,0
nmtf,mu,146,0.3162363954278925,80,0
nmtf,mu,147,0.312919892358835,80,0
nmtf,mu,148,0.30963108537511097,80,0
nmtf,mu,149,0.30637794460664913,80,0
nmtf,mu,150,0.3031674187526605,80,0
nmtf,mu,151,0.3000049475804216,80,0
nmtf,mu,152,0.29689407783615696,80,0
nmtf,mu,153,0.29383694592844944,80,0
nmtf,mu,154,0.29083506535912684,80,0
nmtf,mu,155,0.2878896532266879,80,0
nmtf,mu,156,0.28500152096632747,80,0
nmtf,mu,157,0.2821710359112013,80,0
nmtf,mu,158,0.2793984162564468,80,0
nmtf,mu,159,0.27668414977019007,80,0
nmtf,mu,160,0.2740291859835574,80,0
nmtf,mu,161,0.2714346969359722,80,0
nmtf,mu,162,0.2689017131408262,80,0
nmtf,mu,163,0.26643083283276303,80,0
nmtf,mu,164,0.2640215817018231,80,0
nmtf,mu,165,0.2616720437791301,80,0
nmtf,mu,166,0.259379561512754,80,0
nmtf,mu,167,0.2571415157079512,80,0
nmtf,mu,168,0.25495549404465445,80,0
nmtf,mu,169,0.25281945579203957,80,0
nmtf,mu,170,0.2507321583956732,80,0
nmtf,mu,171,0.24869302300359875,80,0
nmtf,mu,172,0.2467014842074553,80,0
nmtf,mu,173,0.24475634533652368,80,0
nmtf,mu,174,0.24285565579521529,80,0
nmtf,mu,175,0.2409975589904645,80,0
nmtf,mu,176,0.2391807452978787,80,0
nmtf,mu,177,0.23740380115498882,80,0
nmtf,mu,178,0.23566485892004996,80,0
nmtf,mu,179,0.2339622502740959,80,0
nmtf,mu,180,0.232295254203289,80,0
nmtf,mu,181,0.23066410284947847,80,0
nmtf,mu,182,0.22906931613357417,80,0
nmtf,mu,183,0.2275112243929962,80,0
nmtf,mu,184,0.2259901197954991,80,0
nmtf,mu,185,0.2245063478481154,80,0
nmtf,mu,186,0.22306025198577428,80,0
nmtf,mu,187,0.22165209774916284,80,0
nmtf,mu,188,0.22028142542838014,80,0
nmtf,mu,189,0.21894680279548762,80,0
nmtf,mu,190,0.21764647379425905,80,0
nmtf,mu,191,0.2163789472012756,80,0
nmtf,mu,192,0.21514315570393439,80,0
nmtf,mu,193,0.21393838352668748,80,0
nmtf,mu,194,0.21276410119769773,80,0
nmtf,mu,195,0.21161969014939708,80,0
nmtf,mu,196,0.21050410479912984,80,0
nmtf,mu,197,0.20941581143973143,80,0
nmtf,mu,198,0.20835299284091136,80,0
nmtf,mu,199,0.20731383092420663,80,0
nmtf,mu,200,0.2062968694360544,80,0
nmtf,mu,201,0.20530135346288925,80,0
nmtf,mu,202,0.2043272995418678,80,0
nmtf,mu,203,0.20337509857831848,80,0
nmtf,mu,204,0.20244488399585103,80,0
nmtf,mu,205,0.20153612981910307,80,0
nmtf,mu,206,0.20064764343447505,80,0
nmtf,mu,207,0.19977784811446286,80,0
nmtf,mu,208,0.19892519065992698,80,0
nmtf,mu,209,0.1980882586328656,80,0
nmtf,mu,210,0.1972655995761613,80,0
nmtf,mu,211,0.1964558325949548,80,0
nmtf,mu,212,0.19565787691063774,80,0
nmtf,mu,213,0.19487104110902198,80,0
nmtf,mu,214,0.1940951097747774,80,0
nmtf,mu,215,0.19333028720251477,80,0
nmtf,mu,216,0.19257703000104476,80,0
nmtf,mu,217,0.19183595415452426,80,0
nmtf,mu,218,0.1911076227489622,80,0
nmtf,mu,219,0.1903922172346043,80,0
nmtf,mu,220,0.189689417918399,80,0
nmtf,mu,221,0.18899866121503484,80,0
nmtf,mu,222,0.188319427795276,80,0
nmtf,mu,223,0.18765118833939365,80,0
nmtf,mu,224,0.18699323024632752,80,0
nmtf,mu,225,0.18634478412082978,80,0
nmtf,mu,226,0.18570542500971932,80,0
nmtf,mu,227,0.18507531892823437,80,0
nmtf,mu,228,0.18445505304331966,80,0
nmtf,mu,229,0.1838452057200366,80,0
nmtf,mu,230,0.18324594631765045,80,0
nmtf,mu,231,0.18265690146861513,80,0
nmtf,mu,232,0.1820774763319024,80,0
nmtf,mu,233,0.18150740506439722,80,0
nmtf,mu,234,0.18094670851899475,80,0
nmtf,mu,235,0.18039507570617286,80,0
nmtf,mu,236,0.17985186252199947,80,0
nmtf,mu,237,0.1793166213493783,80,0
nmtf,mu,238,0.17878902333609614,80,0
nmtf,mu,239,0.1782684494890916,80,0
nmtf,mu,240,0.17775448035645114,80,0
nmtf,mu,241,0.177247323591062,80,0
nmtf,mu,242,0.17674742247943154,80,0
nmtf,mu,243,0.17625524545541515,80,0
nmtf,mu,244,0.17577119782589823,80,0
nmtf,mu,245,0.17529533619062032,80,0
nmtf,mu,246,0.174827361576548,80,0
nmtf,mu,247,0.17436690618887618,80,0
nmtf,mu,248,0.17391363457231412,80,0
nmtf,mu,249,0.17346720181268194,80,0
nmtf,mu,250,0.17302723074174853,80,0
nmtf,mu,251,0.1725933453664208,80,0
nmtf,mu,252,0.17216525968994567,80,0
nmtf,mu,253,0.17174282898039905,80,0
nmtf,mu,254,0.1713260321810922,80,0
nmtf,mu,255,0.170914925950567,80,0
nmtf,mu,256,0.17050956762504388,80,0
nmtf,mu,257,0.17010992770369793,80,0
nmtf,mu,258,0.16971595597873657,80,0
nmtf,mu,259,0.16932774501894854,80,0
nmtf,mu,260,0.1689454501985982,80,0
nmtf,mu,261,0.16856907159653012,80,0
nmtf,mu,262,0.16819860072567505,80,0
nmtf,mu,263,0.16783424317348494,80,0
nmtf,mu,264,0.16747594616098127,80,0
nmtf,mu,265,0.1671234283338786,80,0
nmtf,mu,266,0.1667765803533502,80,0
nmtf,mu,267,0.16643540104302057,80,0
nmtf,mu,268,0.16609987665587178,80,0
nmtf,mu,269,0.16576998050114444,80,0
nmtf,mu,270,0.16544572015697634,80,0
nmtf,mu,271,0.16512710465494163,80,0
nmtf,mu,272,0.16481401070894375,80,0
nmtf,mu,273,0.16450611831972028,80,0
nmtf,mu,274,0.16420295452391342,80,0
nmtf,mu,275,0.1639039357661427,80,0
nmtf,mu,276,0.16360839717337983,80,0
nmtf,mu,277,0.16331565783529656,80,0
nmtf,mu,278,0.16302514664710832,80,0
nmtf,mu,279,0.1627365143269045,80,0
nmtf,mu,280,0.16244958692385736,80,0
nmtf,mu,281,0.1621641949675906,80,0
nmtf,mu,282,0.16188012080469605,80,0
nmtf,mu,283,0.16159733319598346,80,0
nmtf,mu,284,0.16131625633108082,80,0
nmtf,mu,285,0.16103732190295095,80,0
nmtf,mu,286,0.16076087050868193,80,0
nmtf,mu,287,0.16048734631023853,80,0
nmtf,mu,288,0.16021714124632158,80,0
nmtf,mu,289,0.15995049642600623,80,0
nmtf,mu,290,0.1596875011585034,80,0
nmtf,mu,291,0.15942813900673125,80,0
nmtf,mu,292,0.15917236460334916,80,0
nmtf,mu,293,0.15892012782016174,80,0
nmtf,mu,294,0.15867130628657944,80,0
nmtf,mu,295,0.15842568340533114,80,0
nmtf,mu,296,0.15818301826449932,80,0
nmtf,mu,297,0.15794307906599347,80,0
nmtf,mu,298,0.1577056059838764,80,0
nmtf,mu,299,0.15747029611525243,80,0
nmtf,mu,300,0.15723687680592913,80,0
nmtf,mu,301,0.15700522171419995,80,0
nmtf,mu,302,0.1567753946441235,80,0
nmtf,mu,303,0.15654756583702978,80,0
nmtf,mu,304,0.1563218848849668,80,0
nmtf,mu,305,0.15609845978929182,80,0
nmtf,mu,306,0.15587738850463106,80,0
nmtf,mu,307,0.15565870079226563,80,0
nmtf,mu,308,0.1554424670124348,80,0
nmtf,mu,309,0.15522905251634633,80,0
nmtf,mu,310,0.15501860118914013,80,0
nmtf,mu,311,0.15481061145803565,80,0
nmtf,mu,312,0.1546046439113833,80,0
nmtf,mu,313,0.1544005463669217,80,0
nmtf,mu,314,0.15419821857546367,80,0
nmtf,mu,315,0.1539975930334485,80,0
nmtf,mu,316,0.15379876177014173,80,0
nmtf,mu,317,0.15360196126570225,80,0
nmtf,mu,318,0.15340734687944435,80,0
nmtf,mu,319,0.15321481439373508,80,0
nmtf,mu,320,0.15302415763170307,80,0
nmtf,mu,321,0.15283537593900576,80,0
nmtf,mu,322,0.15264867364272583,80,0
nmtf,mu,323,0.15246414953081266,80,0
nmtf,mu,324,0.15228169433413363,80,0
nmtf,mu,325,0.15210115738729968,80,0
nmtf,mu,326,0.1519224240796777,80,0
nmtf,mu,327,0.1517453277888997,80,0
nmtf,mu,328,0.15156960251340745,80,0
nmtf,mu,329,0.15139499331709583,80,0
nmtf,mu,330,0.1512213641918977,80,0
nmtf,mu,331,0.15104861716790474,80,0
nmtf,mu,332,0.15087657589700132,80,0
nmtf,mu,333,0.1507051086065242,80,0
nmtf,mu,334,0.15053438522467888,80,0
nmtf,mu,335,0.15036481642791655,80,0
nmtf,mu,336,0.1501966715358597,80,0
nmtf,mu,337,0.1500299774062599,80,0
nmtf,mu,338,0.14986464269140276,80,0
nmtf,mu,339,0.1497005139926344,80,0
nmtf,mu,340,0.14953741250895602,80,0
nmtf,mu,341,0.14937516617181534,80,0
nmtf,mu,342,0.14921365205847248,80,0
nmtf,mu,343,0.14905286418621555,80,0
nmtf,mu,344,0.14889283969558187,80,0
nmtf,mu,345,0.14873363017205377,80,0
nmtf,mu,346,0.14857548267617005,80,0
nmtf,mu,347,0.14841854563246204,80,0
nmtf,mu,348,0.1482628194545652,80,0
nmtf,mu,349,0.1481083816888077,80,0
nmtf,mu,350,0.14795530273185165,80,0
nmtf,mu,351,0.1478036152989315,80,0
nmtf,mu,352,0.14765335441085592,80,0
nmtf,mu,353,0.14750454059915186,80,0
nmtf,mu,354,0.14735715961192764,80,0
nmtf,mu,355,0.147211173984498,80,0
nmtf,mu,356,0.14706649600046284,80,0
nmtf,mu,357,0.14692295420782886,80,0
nmtf,mu,358,0.146780305669021,80,0
nmtf,mu,359,0.14663826822765758,80,0
nmtf,mu,360,0.14649654920901978,80,0
nmtf,mu,361,0.14635491911761234,80,0
nmtf,mu,362,0.1462133502727464,80,0
nmtf,mu,363,0.1460720222949069,80,0
nmtf,mu,364,0.14593116214094148,80,0
nmtf,mu,365,0.1457909925623111,80,0
nmtf,mu,366,0.14565184781970464,80,0
nmtf,mu,367,0.14551424425772452,80,0
nmtf,mu,368,0.14537858262593495,80,0
nmtf,mu,369,0.14524481380729692,80,0
nmtf,mu,370,0.1451125686118977,80,0
nmtf,mu,371,0.14498140326904485,80,0
nmtf,mu,372,0.14485086585725848,80,0
nmtf,mu,373,0.14472051439759692,80,0
nmtf,mu,374,0.14459004256889474,80,0
nmtf,mu,375,0.14445955115969178,80,0
nmtf,mu,376,0.14432964975466878,80,0
nmtf,mu,377,0.14420099528700314,80,0
nmtf,mu,378,0.14407382830500304,80,0
nmtf,mu,379,0.14394810826764548,80,0
nmtf,mu,380,0.14382373014351346,80,0
nmtf,mu,381,0.14370054344452188,80,0
nmtf,mu,382,0.14357835747872538,80,0
nmtf,mu,383,0.14345699323267358,80,0
nmtf,mu,384,0.14333633858826755,80,0
nmtf,mu,385,0.1432163816486942,80,0
nmtf,mu,386,0.14309721389158037,80,0
nmtf,mu,387,0.14297897541121407,80,0
nmtf,mu,388,0.14286175526444234,80,0
nmtf,mu,389,0.14274551433180027,80,0
nmtf,mu,390,0.1426300806609917,80,0
nmtf,mu,391,0.14251522052204546,80,0
nmtf,mu,392,0.14240071667969467,80,0
nmtf,mu,393,0.14228639254536735,80,0
nmtf,mu,394,0.14217209898930827,80,0
nmtf,mu,395,0.14205770966962694,80,0
nmtf,mu,396,0.14194315992285278,80,0
nmtf,mu,397,0.14182855049779597,80,0
nmtf,mu,398,0.14171424561817614,80,0
nmtf,mu,399,0.1416007629737206,80,0
nmtf,mu,400,0.14148844216156164,80,0
nmtf,mu,401,0.14137732855538077,80,0
nmtf,mu,402,0.14126734418735576,80,0
nmtf,mu,403,0.141158371073961,80,0
nmtf,mu,404,0.14105024923849674,80,0
nmtf,mu,405,0.1409428120827928,80,0
nmtf,mu,406,0.14083594775689534,80,0
nmtf,mu,407,0.14072960538584756,80,0
nmtf,mu,408,0.14062379282393878,80,0
nmtf,mu,409,0.14051856227415516,80,0
nmtf,mu,410,0.1404139362220519,80,0
nmtf,mu,411,0.14030984931620039,80,0
nmtf,mu,412,0.14020614979239254,80,0
nmtf,mu,413,0.14010264681968676,80,0
nmtf,mu,414,0.13999919595682397,80,0
nmtf,mu,415,0.13989579775617345,80,0
nmtf,mu,416,0.1397926619223504,80,0
nmtf,mu,417,0.139690194522601,80,0
nmtf,mu,418,0.13958882105796722,80,0
nmtf,mu,419,0.1394887453756638,80,0
nmtf,mu,420,0.13939000813359448,80,0
nmtf,mu,421,0.13929264323293333,80,0
nmtf,mu,422,0.13919655098377925,80,0
nmtf,mu,423,0.1391015808670013,80,0
nmtf,mu,424,0.1390077496214409,80,0
nmtf,mu,425,0.13891505113417668,80,0
nmtf,mu,426,0.13882334845579802,80,0
nmtf,mu,427,0.13873252626837917,80,0
nmtf,mu,428,0.13864249289065467,80,0
nmtf,mu,429,0.13855312760167482,80,0
nmtf,mu,430,0.13846429687312167,80,0
nmtf,mu,431,0.13837589536376615,80,0
nmtf,mu,432,0.13828786353293898,80,0
nmtf,mu,433,0.13820016831982973,80,0
nmtf,mu,434,0.13811277603060657,80,0
nmtf,mu,435,0.1380256563206017,80,0
nmtf,mu,436,0.13793880699417416,80,0
nmtf,mu,437,0.13785226757201718,80,0
nmtf,mu,438,0.13776612734653593,80,0
nmtf,mu,439,0.13768055148487524,80,0
nmtf,mu,440,0.13759580370785374,80,0
nmtf,mu,441,0.1375121943672073,80,0
nmtf,mu,442,0.13742992850075786,80,0
nmtf,mu,443,0.1373489778525081,80,0
nmtf,mu,444,0.13726912439172,80,0
nmtf,mu,445,0.13719011959540317,80,0
nmtf,mu,446,0.13711180377921972,80,0
nmtf,mu,447,0.1370341239091809,80,0
nmtf,mu,448,0.13695708437696075,80,0
nmtf,mu,449,0.13688069745547116,80,0
nmtf,mu,450,0.13680496032146494,80,0
nmtf,mu,451,0.13672985371105573,80,0
nmtf,mu,452,0.1366553877221809,80,0
nmtf,mu,453,0.13658165551296886,80,0
nmtf,mu,454,0.1365087194082354,80,0
nmtf,mu,455,0.13643646303071078,80,0
nmtf,mu,456,0.13636468881569908,80,0
nmtf,mu,457,0.13629323960730677,80,0
nmtf,mu,458,0.13622199554002445,80,0
nmtf,mu,459,0.13615084196019078,80,0
nmtf,mu,460,0.1360796738013762,80,0
nmtf,mu,461,0.1360084324760935,80,0
nmtf,mu,462,0.13593713444431488,80,0
nmtf,mu,463,0.13586588107667952,80,0
nmtf,mu,464,0.135794869093251,80,0
nmtf,mu,465,0.1357243323225128,80,0
nmtf,mu,466,0.13565441096093844,80,0
nmtf,mu,467,0.1355851173347895,80,0
nmtf,mu,468,0.1355164017185293,80,0
nmtf,mu,469,0.13544821372790272,80,0
nmtf,mu,470,0.13538053276158457,80,0
nmtf,mu,471,0.1353133702853413,80,0
nmtf,mu,472,0.13524676485158182,80,0
nmtf,mu,473,0.1351807830664633,80,0
nmtf,mu,474,0.13511549450174432,80,0
nmtf,mu,475,0.13505090778480033,80,0
nmtf,mu,476,0.13498692375710142,80,0
nmtf,mu,477,0.13492336357583012,80,0
nmtf,mu,478,0.13486004627708204,80,0
nmtf,mu,479,0.1347968385016427,80,0
nmtf,mu,480,0.13473366023543576,80,0
nmtf,mu,481,0.13467048574455975,80,0
nmtf,mu,482,0.13460733637388955,80,0
nmtf,mu,483,0.1345442357255917,80,0
nmtf,mu,484,0.1344811605337296,80,0
nmtf,mu,485,0.1344180415750933,80,0
nmtf,mu,486,0.13435479081021762,80,0
nmtf,mu,487,0.1342913140176496,80,0
nmtf,mu,488,0.1342275133786922,80,0
nmtf,mu,489,0.13416330391470976,80,0
nmtf,mu,490,0.1340986680171713,80,0
nmtf,mu,491,0.13403372688320458,80,0
nmtf,mu,492,0.13396870673758066,80,0
nmtf,mu,493,0.13390376716714947,80,0
nmtf,mu,494,0.13383892192177127,80,0
nmtf,mu,495,0.13377414348830075,80,0
nmtf,mu,496,0.1337094666705898,80,0
nmtf,mu,497,0.1336449510621467,80,0
nmtf,mu,498,0.1335806212430436,80,0
nmtf,mu,499,0.13351652706916517,80,0
nmtf,mu,500,0.13345280433788775,80,0
nmtf,mu,501,0.13338964027152744,80,0
nmtf,mu,502,0.13332720457587977,80,0
nmtf,mu,503,0.1332656238107499,80,0
nmtf,mu,504,0.13320499042017575,80,0
nmtf,mu,505,0.13314535008758444,80,0
nmtf,mu,506,0.13308667587084688,80,0
nmtf,mu,507,0.1330288637488477,80,0
nmtf,mu,508,0.13297174059030537,80,0
nmtf,mu,509,0.13291504946429322,80,0
nmtf,mu,510,0.13285841374396712,80,0
nmtf,mu,511,0.13280164326528876,80,0
nmtf,mu,512,0.13274532280621598,80,0
nmtf,mu,513,0.13269017314043408,80,0
nmtf,mu,514,0.13263616607099715,80,0
nmtf,mu,515,0.13258291696441693,80,0
nmtf,mu,516,0.13253022071419962,80,0
nmtf,mu,517,0.1324779593948363,80,0
nmtf,mu,518,0.13242604432136884,80,0
nmtf,mu,519,0.13237442069875804,80,0
nmtf,mu,520,0.13232307520532038,80,0
nmtf,mu,521,0.1322720223859848,80,0
nmtf,mu,522,0.13222125675211416,80,0
nmtf,mu,523,0.1321707108572211,80,0
nmtf,mu,524,0.13212028452429903,80,0
nmtf,mu,525,0.13206992295627062,80,0
nmtf,mu,526,0.13201966484359218,80,0
nmtf,mu,527,0.1319696261059653,80,0
nmtf,mu,528,0.13191993401886448,80,0
nmtf,mu,529,0.13187064580612606,80,0
nmtf,mu,530,0.13182169479884964,80,0
nmtf,mu,531,0.1317729055671183,80,0
nmtf,mu,532,0.13172407433405686,80,0
nmtf,mu,533,0.13167506888231684,80,0
nmtf,mu,534,0.13162591764152354,80,0
nmtf,mu,535,0.13157682807254922,80,0
nmtf,mu,536,0.13152803151228187,80,0
nmtf,mu,537,0.13147958459608344,80,0
nmtf,mu,538,0.1314313809467028,80,0
nmtf,mu,539,0.13138328128891175,80,0
nmtf,mu,540,0.13133517793672578,80,0
nmtf,mu,541,0.13128699907642905,80,0
nmtf,mu,542,0.13123871836747136,80,0
nmtf,mu,543,0.13119037282626034,80,0
nmtf,mu,544,0.1311420492193951,80,0
nmtf,mu,545,0.13109383858461643,80,0
nmtf,mu,546,0.1310457980790618,80,0
nmtf,mu,547,0.13099794558150946,80,0
nmtf,mu,548,0.13095028135521314,80,0
nmtf,mu,549,0.13090281786998526,80,0
nmtf,mu,550,0.13085559954987835,80,0
nmtf,mu,551,0.13080869714005683,80,0
nmtf,mu,552,0.130762171869231,80,0
nmtf,mu,553,0.13071602787114067,80,0
nmtf,mu,554,0.1306701847966577,80,0
nmtf,mu,555,0.13062448513186953,80,0
nmtf,mu,556,0.13057872727482744,80,0
nmtf,mu,557,0.130532710774253,80,0
nmtf,mu,558,0.13048628329533418,80,0
nmtf,mu,559,0.13043938129610377,80,0
nmtf,mu,560,0.13039206942563797,80,0
nmtf,mu,561,0.1303445878771482,80,0
nmtf,mu,562,0.13029733288148238,80,0
nmtf,mu,563,0.130250652406798,80,0
nmtf,mu,564,0.13020462541180777,80,0
nmtf,mu,565,0.13015910867064806,80,0
nmtf,mu,566,0.13011393361148327,80,0
nmtf,mu,567,0.13006902292131395,80,0
nmtf,mu,568,0.13002438183895937,80,0
nmtf,mu,569,0.1299800116015316,80,0
nmtf,mu,570,0.12993584690473647,80,0
nmtf,mu,571,0.1298917605450538,80,0
nmtf,mu,572,0.12984758571548094,80,0
nmtf,mu,573,0.12980315442739776,80,0
nmtf,mu,574,0.129758365982643,80,0
nmtf,mu,575,0.12971323908880095,80,0
nmtf,mu,576,0.1296678994316599,80,0
nmtf,mu,577,0.1296225213815131,80,0
nmtf,mu,578,0.12957728642175048,80,0
nmtf,mu,579,0.129532368046962,80,0
nmtf,mu,580,0.12948789591030407,80,0
nmtf,mu,581,0.12944390875376366,80,0
nmtf,mu,582,0.12940036028029478,80,0
nmtf,mu,583,0.12935718244107053,80,0
nmtf,mu,584,0.12931434528661712,80,0
nmtf,mu,585,0.12927187128386952,80,0
nmtf,mu,586,0.12922981298640102,80,0
nmtf,mu,587,0.12918822240836425,80,0
nmtf,mu,588,0.12914712491808633,80,0
nmtf,mu,589,0.12910650128282786,80,0
nmtf,mu,590,0.1290662939875621,80,0
nmtf,mu,591,0.1290264411968477,80,0
nmtf,mu,592,0.12898689607023983,80,0
nmtf,mu,593,0.12894759631693264,80,0
nmtf,mu,594,0.12890843185384926,80,0
nmtf,mu,595,0.12886925462136678,80,0
nmtf,mu,596,0.12882990068749678,80,0
nmtf,mu,597,0.12879021689021874,80,0
nmtf,mu,598,0.12875011796604752,80,0
nmtf,mu,599,0.1287096664442473,80,0
nmtf,mu,600,0.12866910477170335,80,0
nmtf,mu,601,0.1286287629803291,80,0
nmtf,mu,602,0.12858889913640448,80,0
nmtf,mu,603,0.12854962894032818,80,0
nmtf,mu,604,0.12851094827999432,80,0
nmtf,mu,605,0.12847273679097926,80,0
nmtf,mu,606,0.12843477139343273,80,0
nmtf,mu,607,0.12839687398173416,80,0
nmtf,mu,608,0.1283591341191027,80,0
nmtf,mu,609,0.12832184105996747,80,0
nmtf,mu,610,0.12828513040112866,80,0
nmtf,mu,611,0.1282489706896861,80,0
nmtf,mu,612,0.1282133684423925,80,0
nmtf,mu,613,0.12817838376112156,80,0
nmtf,mu,614,0.1281440403009474,80,0
nmtf,mu,615,0.1281102734129339,80,0
nmtf,mu,616,0.12807693259352848,80,0
nmtf,mu,617,0.12804380934985216,80,0
nmtf,mu,618,0.1280107179484844,80,0
nmtf,mu,619,0.12797764958320124,80,0
nmtf,mu,620,0.12794477857743958,80,0
nmtf,mu,621,0.12791213916466226,80,0
nmtf,mu,622,0.12787947688452206,80,0
nmtf,mu,623,0.12784650089923622,80,0
nmtf,mu,624,0.1278131293993331,80,0
nmtf,mu,625,0.12777956410267877,80,0
nmtf,mu,626,0.12774609881958654,80,0
nmtf,mu,627,0.12771277379019985,80,0
nmtf,mu,628,0.1276793737810723,80,0
nmtf,mu,629,0.12764580765539735,80,0
nmtf,mu,630,0.12761225897265105,80,0
nmtf,mu,631,0.12757907951889513,80,0
nmtf,mu,632,0.12754661735426953,80,0
nmtf,mu,633,0.12751500567057494,80,0
nmtf,mu,634,0.12748406379200095,80,0
nmtf,mu,635,0.12745349716917453,80,0
nmtf,mu,636,0.12742309825942,80,0
nmtf,mu,637,0.12739274511490195,80,0
nmtf,mu,638,0.12736233865444813,80,0
nmtf,mu,639,0.12733178049113802,80,0
nmtf,mu,640,0.12730100520982923,80,0
nmtf,mu,641,0.12727003650903346,80,0
nmtf,mu,642,0.12723900045230974,80,0
nmtf,mu,643,0.1272080684761121,80,0
nmtf,mu,644,0.12717739985017507,80,0
nmtf,mu,645,0.1271471196469196,80,0
nmtf,mu,646,0.12711728509391662,80,0
nmtf,mu,647,0.12708785082548169,80,0
nmtf,mu,648,0.12705868480076354,80,0
nmtf,mu,649,0.12702962803159612,80,0
nmtf,mu,650,0.12700055409103927,80,0
nmtf,mu,651,0.12697139474773,80,0
nmtf,mu,652,0.12694211989211102,80,0
nmtf,mu,653,0.12691269565841634,80,0
nmtf,mu,654,0.12688307074684135,80,0
nmtf,mu,655,0.1268532277794462,80,0
nmtf,mu,656,0.1268232902001475,80,0
nmtf,mu,657,0.12679356211589676,80,0
nmtf,mu,658,0.12676435178769163,80,0
nmtf,mu,659,0.1267357574528456,80,0
nmtf,mu,660,0.1267077013163752,80,0
nmtf,mu,661,0.12668007833905004,80,0
nmtf,mu,662,0.12665280820365055,80,0
nmtf,mu,663,0.12662580570553705,80,0
nmtf,mu,664,0.12659895310280578,80,0
nmtf,mu,665,0.12657210654189788,80,0
nmtf,mu,666,0.12654511788508538,80,0
nmtf,mu,667,0.12651785428306916,80,0
nmtf,mu,668,0.12649023025825457,80,0
nmtf,mu,669,0.12646226755670398,80,0
nmtf,mu,670,0.1264341260066275,80,0
nmtf,mu,671,0.12640601213668723,80,0
nmtf,mu,672,0.1263780481316742,80,0
nmtf,mu,673,0.1263502735023374,80,0
nmtf,mu,674,0.12632270128551715,80,0
nmtf,mu,675,0.12629529491434732,80,0
nmtf,mu,676,0.1262679363704261,80,0
nmtf,mu,677,0.12624050404374054,80,0
nmtf,mu,678,0.1262130217069236,80,0
nmtf,mu,679,0.1261857089760312,80,0
nmtf,mu,680,0.12615885630690937,80,0
nmtf,mu,681,0.1261326604971149,80,0
nmtf,mu,682,0.12610717951159967,80,0
nmtf,mu,683,0.12608237769717834,80,0
nmtf,mu,684,0.1260581683923493,80,0
nmtf,mu,685,0.12603443590272345,80,0
nmtf,mu,686,0.12601105272766988,80,0
nmtf,mu,687,0.1259878965103669,80,0
nmtf,mu,688,0.12596486247654504,80,0
nmtf,mu,689,0.125941867386678,80,0
nmtf,mu,690,0.12591884442978707,80,0
nmtf,mu,691,0.1258957332223256,80,0
nmtf,mu,692,0.12587247462726092,80,0
nmtf,mu,693,0.125849024061769,80,0
nmtf,mu,694,0.12582539079366262,80,0
nmtf,mu,695,0.12580167774796058,80,0
nmtf,mu,696,0.12577806140088243,80,0
nmtf,mu,697,0.12575471352312328,80,0
nmtf,mu,698,0.125731758236732,80,0
nmtf,mu,699,0.1257092823071373,80,0
nmtf,mu,700,0.1256873241042068,80,0
nmtf,mu,701,0.12566583683630672,80,0
nmtf,mu,702,0.12564469624855779,80,0
nmtf,mu,703,0.12562375475239318,80,0
nmtf,mu,704,0.1256028845055065,80,0
nmtf,mu,705,0.12558199116676638,80,0
nmtf,mu,706,0.12556101338724324,80,0
nmtf,mu,707,0.12553991638715112,80,0
nmtf,mu,708,0.12551868502935482,80,0
nmtf,mu,709,0.12549733028784293,80,0
nmtf,mu,710,0.12547591507733002,80,0
nmtf,mu,711,0.1254545755449612,80,0
nmtf,mu,712,0.125433485720561,80,0
nmtf,mu,713,0.12541276387519196,80,0
nmtf,mu,714,0.12539242457789768,80,0
nmtf,mu,715,0.12537242270877513,80,0
nmtf,mu,716,0.12535271146303184,80,0
nmtf,mu,717,0.12533326392090316,80,0
nmtf,mu,718,0.12531407700910846,80,0
nmtf,mu,719,0.12529517762708342,80,0
nmtf,mu,720,0.12527661151258607,80,0
nmtf,mu,721,0.12525840319967052,80,0
nmtf,mu,722,0.12524053801152835,80,0
nmtf,mu,723,0.12522298260925568,80,0
nmtf,mu,724,0.12520569832014672,80,0
nmtf,mu,725,0.1251886386675859,80,0
nmtf,mu,726,0.12517174944134846,80,0
nmtf,mu,727,0.1251549728794934,80,0
nmtf,mu,728,0.12513825186352834,80,0
nmtf,mu,729,0.1251215356140597,80,0
nmtf,mu,730,0.12510478804317526,80,0
nmtf,mu,731,0.12508799555427852,80,0
nmtf,mu,732,0.12507116785405004,80,0
nmtf,mu,733,0.12505432734257582,80,0
nmtf,mu,734,0.12503749099707662,80,0
nmtf,mu,735,0.12502065548154973,80,0
nmtf,mu,736,0.12500379316499788,80,0
nmtf,mu,737,0.1249868583315149,80,0
nmtf,mu,738,0.12496979817884069,80,0
nmtf,mu,739,0.12495256472047656,80,0
nmtf,mu,740,0.12493512782916327,80,0
nmtf,mu,741,0.12491748938685743,80,0
nmtf,mu,742,0.1248996910371517,80,0
nmtf,mu,743,0.1248818036693028,80,0
nmtf,mu,744,0.12486389897596784,80,0
nmtf,mu,745,0.12484601959779917,80,0
nmtf,mu,746,0.12482816343550751,80,0
nmtf,mu,747,0.12481028968634889,80,0
nmtf,mu,748,0.12479234459567468,80,0
nmtf,mu,749,0.12477429074139068,80,0
nmtf,mu,750,0.1247561225467897,80,0
nmtf,mu,751,0.12473786554917698,80,0
nmtf,mu,752,0.12471956678066742,80,0
nmtf,mu,753,0.12470128126472324,80,0
nmtf,mu,754,0.12468305711067873,80,0
nmtf,mu,755,0.12466492442472166,80,0
nmtf,mu,756,0.12464689463019984,80,0
nmtf,mu,757,0.12462897007099083,80,0
nmtf,mu,758,0.12461115136252077,80,0
nmtf,mu,759,0.1245934338731165,80,0
nmtf,mu,760,0.12457580311654792,80,0
nmtf,mu,761,0.12455823615516792,80,0
nmtf,mu,762,0.12454070905043957,80,0
nmtf,mu,763,0.12452320701957043,80,0
nmtf,mu,764,0.12450573001304188,80,0
nmtf,mu,765,0.12448828917289945,80,0
nmtf,mu,766,0.12447089714954762,80,0
nmtf,mu,767,0.12445356096988724,80,0
nmtf,mu,768,0.12443628412427532,80,0
nmtf,mu,769,0.12441907382946793,80,0
nmtf,mu,770,0.12440194166279683,80,0
nmtf,mu,771,0.12438489461252,80,0
nmtf,mu,772,0.12436792814996633,80,0
nmtf,mu,773,0.1243510314541989,80,0
nmtf,mu,774,0.12433420018266961,80,0
nmtf,mu,775,0.12431744321251392,80,0
nmtf,mu,776,0.12430077446116727,80,0
nmtf,mu,777,0.1242841943734796,80,0
nmtf,mu,778,0.12426767834922092,80,0
nmtf,mu,779,0.12425118734589224,80,0
nmtf,mu,780,0.12423469416580601,80,0
nmtf,mu,781,0.12421820328411048,80,0
nmtf,mu,782,0.12420175602901307,80,0
nmtf,mu,783,0.1241854230353705,80,0
nmtf,mu,784,0.12416927077247364,80,0
nmtf,mu,785,0.12415331071686475,80,0
nmtf,mu,786,0.12413748359420129,80,0
nmtf,mu,787,0.12412169593383127,80,0
nmtf,mu,788,0.12410586616768915,80,0
nmtf,mu,789,0.1240899438220131,80,0
nmtf,mu,790,0.12407389974136573,80,0
nmtf,mu,791,0.12405770623006529,80,0
nmtf,mu,792,0.12404133289848396,80,0
nmtf,mu,793,0.12402477394390587,80,0
nmtf,mu,794,0.12400809829431769,80,0
nmtf,mu,795,0.12399148300887464,80,0
nmtf,mu,796,0.12397516792695962,80,0
nmtf,mu,797,0.12395933279998295,80,0
nmtf,mu,798,0.12394402422639816,80,0
nmtf,mu,799,0.12392919768496047,80,0
nmtf,mu,800,0.12391478431217029,80,0
nmtf,mu,801,0.12390071954482895,80,0
nmtf,mu,802,0.1238869466812288,80,0
nmtf,mu,803,0.12387341431660326,80,0
nmtf,mu,804,0.12386007295593537,80,0
nmtf,mu,805,0.12384687171052422,80,0
nmtf,mu,806,0.12383375801547092,80,0
nmtf,mu,807,0.12382068199403018,80,0
nmtf,mu,808,0.12380759849419276,80,0
nmtf,mu,809,0.12379446895421031,80,0
nmtf,mu,810,0.12378127493093061,80,0
nmtf,mu,811,0.12376802415280608,80,0
nmtf,mu,812,0.12375472975903046,80,0
nmtf,mu,813,0.12374138286998071,80,0
nmtf,mu,814,0.12372794933499665,80,0
nmtf,mu,815,0.12371439089959135,80,0
nmtf,mu,816,0.12370068997572647,80,0
nmtf,mu,817,0.12368686744582824,80,0
nmtf,mu,818,0.12367299013485289,80,0
nmtf,mu,819,0.12365915809147232,80,0
nmtf,mu,820,0.12364546855546821,80,0
nmtf,mu,821,0.1236319795770231,80,0
nmtf,mu,822,0.12361869976783124,80,0
nmtf,mu,823,0.12360560224129469,80,0
nmtf,mu,824,0.12359264573662876,80,0
nmtf,mu,825,0.12357979358205318,80,0
nmtf,mu,826,0.12356702875461911,80,0
nmtf,mu,827,0.12355436388570407,80,0
nmtf,mu,828,0.1235418420838097,80,0
nmtf,mu,829,0.12352952199116751,80,0
nmtf,mu,830,0.12351744776642781,80,0
nmtf,mu,831,0.12350562202925541,80,0
nmtf,mu,832,0.12349400246225861,80,0
nmtf,mu,833,0.12348252054475328,80,0
nmtf,mu,834,0.12347110508983361,80,0
nmtf,mu,835,0.12345970002351903,80,0
nmtf,mu,836,0.1234482746277753,80,0
nmtf,mu,837,0.12343682318961768,80,0
nmtf,mu,838,0.1234253505755728,80,0
nmtf,mu,839,0.12341385210462641,80,0
nmtf,mu,840,0.12340230672917274,80,0
nmtf,mu,841,0.12339069045601869,80,0
nmtf,mu,842,0.12337899556000209,80,0
nmtf,mu,843,0.12336723708852182,80,0
nmtf,mu,844,0.12335544249928865,80,0
nmtf,mu,845,0.12334363624865652,80,0
nmtf,mu,846,0.12333183227172728,80,0
nmtf,mu,847,0.12332003660161239,80,0
nmtf,mu,848,0.12330825562890146,80,0
nmtf,mu,849,0.12329650300593731,80,0
nmtf,mu,850,0.12328479584265206,80,0
nmtf,mu,851,0.12327313893328717,80,0
nmtf,mu,852,0.12326151348321979,80,0
nmtf,mu,853,0.12324988422369854,80,0
nmtf,mu,854,0.12323821528378309,80,0
nmtf,mu,855,0.12322647878070048,80,0
nmtf,mu,856,0.12321465290700873,80,0
nmtf,mu,857,0.12320271883843559,80,0
nmtf,mu,858,0.12319067310678178,80,0
nmtf,mu,859,0.1231785635026581,80,0
nmtf,mu,860,0.12316651641724596,80,0
nmtf,mu,861,0.12315469490459618,80,0
nmtf,mu,862,0.12314320305859838,80,0
nmtf,mu,863,0.12313204423245605,80,0
nmtf,mu,864,0.12312116087718017,80,0
nmtf,mu,865,0.12311048033431815,80,0
nmtf,mu,866,0.12309992710416051,80,0
nmtf,mu,867,0.12308942084794705,80,0
nmtf,mu,868,0.12307888157267743,80,0
nmtf,mu,869,0.12306824534043881,80,0
nmtf,mu,870,0.12305748815776152,80,0
nmtf,mu,871,0.12304664855047676,80,0
nmtf,mu,872,0.12303581735810665,80,0
nmtf,mu,873,0.12302507598199064,80,0
nmtf,mu,874,0.12301443766824771,80,0
nmtf,mu,875,0.12300385477257225,80,0
nmtf,mu,876,0.12299326563388457,80,0
nmtf,mu,877,0.12298262861679665,80,0
nmtf,mu,878,0.12297193261302908,80,0
nmtf,mu,879,0.12296118995827843,80,0
nmtf,mu,880,0.12295041875613999,80,0
nmtf,mu,881,0.12293963044088752,80,0
nmtf,mu,882,0.12292882849446596,80,0
nmtf,mu,883,0.12291800523364904,80,0
nmtf,mu,884,0.12290713940124642,80,0
nmtf,mu,885,0.12289620648067112,80,0
nmtf,mu,886,0.12288519169421785,80,0
nmtf,mu,887,0.12287409485870393,80,0
nmtf,mu,888,0.1228629289933203,80,0
nmtf,mu,889,0.1228517153527825,80,0
nmtf,mu,890,0.12284047760932115,80,0
nmtf,mu,891,0.12282923918229527,80,0
nmtf,mu,892,0.1228180215445368,80,0
nmtf,mu,893,0.12280683727475394,80,0
nmtf,mu,894,0.12279568249544892,80,0
nmtf,mu,895,0.12278454069056066,80,0
nmtf,mu,896,0.12277339464891612,80,0
nmtf,mu,897,0.12276223555515464,80,0
nmtf,mu,898,0.12275106573057604,80,0
nmtf,mu,899,0.12273989674411656,80,0
nmtf,mu,900,0.1227287481328998,80,0
nmtf,mu,901,0.12271764893862924,80,0
nmtf,mu,902,0.12270663676619276,80,0
nmtf,mu,903,0.12269575122043486,80,0
nmtf,mu,904,0.12268502556997085,80,0
nmtf,mu,905,0.12267448001370274,80,0
nmtf,mu,906,0.1226641159605375,80,0
nmtf,mu,907,0.12265391133571246,80,0
nmtf,mu,908,0.12264381822677961,80,0
nmtf,mu,909,0.12263376081930777,80,0
nmtf,mu,910,0.12262363008216337,80,0
nmtf,mu,911,0.12261329040521163,80,0
nmtf,mu,912,0.12260266475650217,80,0
nmtf,mu,913,0.1225918837162393,80,0
nmtf,mu,914,0.12258113974125895,80,0
nmtf,mu,915,0.12257041026073057,80,0
nmtf,mu,916,0.1225595980380969,80,0
nmtf,mu,917,0.12254867166843253,80,0
nmtf,mu,918,0.12253765245516557,80,0
nmtf,mu,919,0.12252658094511715,80,0
nmtf,mu,920,0.12251549217148983,80,0
nmtf,mu,921,0.12250440332641921,80,0
nmtf,mu,922,0.12249331381083495,80,0
nmtf,mu,923,0.12248221182537955,80,0
nmtf,mu,924,0.1224710808393561,80,0
nmtf,mu,925,0.12245990212060465,80,0
nmtf,mu,926,0.12244865756541268,80,0
nmtf,mu,927,0.12243733900638698,80,0
nmtf,mu,928,0.12242595629714192,80,0
nmtf,mu,929,0.12241453231578603,80,0
nmtf,mu,930,0.1224030952766999,80,0
nmtf,mu,931,0.12239168166385672,80,0
nmtf,mu,932,0.12238033661216052,80,0
nmtf,mu,933,0.12236910213209051,80,0
nmtf,mu,934,0.12235800646279726,80,0
nmtf,mu,935,0.12234706466546563,80,0
nmtf,mu,936,0.1223362835133801,80,0
nmtf,mu,937,0.12232566163075198,80,0
nmtf,mu,938,0.12231518667643182,80,0
nmtf,mu,939,0.12230483741871079,80,0
nmtf,mu,940,0.12229459282397526,80,0
nmtf,mu,941,0.12228444080774203,80,0
nmtf,mu,942,0.12227437802455954,80,0
nmtf,mu,943,0.12226440101316594,80,0
nmtf,mu,944,0.12225449769398677,80,0
nmtf,mu,945,0.1222446465504935,80,0
nmtf,mu,946,0.12223482264749586,80,0
nmtf,mu,947,0.12222500535781045,80,0
nmtf,mu,948,0.12221518413790622,80,0
nmtf,mu,949,0.12220536117339642,80,0
nmtf,mu,950,0.12219555068280674,80,0
nmtf,mu,951,0.12218577512906725,80,0
nmtf,mu,952,0.12217605994385661,80,0
nmtf,mu,953,0.1221664299028622,80,0
nmtf,mu,954,0.12215690963759918,80,0
nmtf,mu,955,0.1221475275352697,80,0
nmtf,mu,956,0.12213831835080358,80,0
nmtf,mu,957,0.12212931741664801,80,0
nmtf,mu,958,0.1221205453010974,80,0
nmtf,mu,959,0.1221119952989611,80,0
nmtf,mu,960,0.12210363487418852,80,0
nmtf,mu,961,0.12209541570797311,80,0
nmtf,mu,962,0.12208728266415037,80,0
nmtf,mu,963,0.12207918007208629,80,0
nmtf,mu,964,0.12207105848826083,80,0
nmtf,mu,965,0.12206288376999908,80,0
nmtf,mu,966,0.12205464593402937,80,0
nmtf,mu,967,0.12204636086595178,80,0
nmtf,mu,968,0.12203805914237664,80,0
nmtf,mu,969,0.12202976622426887,80,0
nmtf,mu,970,0.1220214873071751,80,0
nmtf,mu,971,0.12201320636606972,80,0
nmtf,mu,972,0.12200489819718219,80,0
nmtf,mu,973,0.12199654433958407,80,0
nmtf,mu,974,0.12198814039775108,80,0
nmtf,mu,975,0.12197968949495508,80,0
nmtf,mu,976,0.12197119228537068,80,0
nmtf,mu,977,0.12196264481597074,80,0
nmtf,mu,978,0.12195404009877409,80,0
nmtf,mu,979,0.12194536710026349,80,0
nmtf,mu,980,0.12193661157032876,80,0
nmtf,mu,981,0.1219277627589791,80,0
nmtf,mu,982,0.12191881957866135,80,0
nmtf,mu,983,0.12190978562010424,80,0
nmtf,mu,984,0.12190065049506327,80,0
nmtf,mu,985,0.12189136712392745,80,0
nmtf,mu,986,0.12188184040595829,80,0
nmtf,mu,987,0.12187195088481961,80,0
nmtf,mu,988,0.12186165572667962,80,0
nmtf,mu,989,0.12185113391769575,80,0
nmtf,mu,990,0.12184071109358008,80,0
nmtf,mu,991,0.1218305545903946,80,0
nmtf,mu,992,0.12182063403566468,80,0
nmtf,mu,993,0.12181088276207919,80,0
nmtf,mu,994,0.12180126128535207,80,0
nmtf,mu,995,0.12179175218187666,80,0
nmtf,mu,996,0.12178234321017656,80,0
nmtf,mu,997,0.12177301834986964,80,0
nmtf,mu,998,0.12176377163981811,80,0
nmtf,mu,999,0.12175463092239203,80,0
nmtf,mu,1000,0.12174565465355136,80,0
nmtf,mu,1001,0.121736889961643,80,0
nmtf,mu,1002,0.12172833433737396,80,0
nmtf,mu,1003,0.12171994101440631,80,0
nmtf,mu,1004,0.12171165127343897,80,0
nmtf,mu,1005,0.12170341888109704,80,0
nmtf,mu,1006,0.12169521736833289,80,0
nmtf,mu,1007,0.12168703715589069,80,0
nmtf,mu,1008,0.12167887912995057,80,0
nmtf,mu,1009,0.1216707493685123,80,0
nmtf,mu,1010,0.12166265830190037,80,0
nmtf,mu,1011,0.1216546204458876,80,0
nmtf,mu,1012,0.12164664605685682,80,0
nmtf,mu,1013,0.1216387296392466,80,0
nmtf,mu,1014,0.12163084965659399,80,0
nmtf,mu,1015,0.12162297701013935,80,0
nmtf,mu,1016,0.12161508234217155,80,0
nmtf,mu,1017,0.12160714211342505,80,0
nmtf,mu,1018,0.12159914569322794,80,0
nmtf,mu,1019,0.12159110166572362,80,0
nmtf,mu,1020,0.12158303988327923,80,0
nmtf,mu,1021,0.12157500663376153,80,0
nmtf,mu,1022,0.12156705235276599,80,0
nmtf,mu,1023,0.12155921468786668,80,0
nmtf,mu,1024,0.12155150365479306,80,0
nmtf,mu,1025,0.1215438977761234,80,0
nmtf,mu,1026,0.12153635478952485,80,0
nmtf,mu,1027,0.12152882958310729,80,0
nmtf,mu,1028,0.12152128794048267,80,0
nmtf,mu,1029,0.12151371123266319,80,0
nmtf,mu,1030,0.12150609577351756,80,0
nmtf,mu,1031,0.12149845238433932,80,0
nmtf,mu,1032,0.12149080506489196,80,0
nmtf,mu,1033,0.12148318090826715,80,0
nmtf,mu,1034,0.1214755910093418,80,0
nmtf,mu,1035,0.12146801956130981,80,0
nmtf,mu,1036,0.12146043538830431,80,0
nmtf,mu,1037,0.1214528162665427,80,0
nmtf,mu,1038,0.12144516663710203,80,0
nmtf,mu,1039,0.12143751840586814,80,0
nmtf,mu,1040,0.12142991484974508,80,0
nmtf,mu,1041,0.12142238738247713,80,0
nmtf,mu,1042,0.12141494228094973,80,0
nmtf,mu,1043,0.12140756670309683,80,0
nmtf,mu,1044,0.12140024453098175,80,0
nmtf,mu,1045,0.12139296573894398,80,0
nmtf,mu,1046,0.12138572408399306,80,0
nmtf,mu,1047,0.1213785133794607,80,0
nmtf,mu,1048,0.12137133361051511,80,0
nmtf,mu,1049,0.12136419296858547,80,0
nmtf,mu,1050,0.1213570869156334,80,0
nmtf,mu,1051,0.12134998333425107,80,0
nmtf,mu,1052,0.12134283838771232,80,0
nmtf,mu,1053,0.12133561825450956,80,0
nmtf,mu,1054,0.12132831146666168,80,0
nmtf,mu,1055,0.12132093284857426,80,0
nmtf,mu,1056,0.12131351158705461,80,0
nmtf,mu,1057,0.12130606462273696,80,0
nmtf,mu,1058,0.12129858093336521,80,0
nmtf,mu,1059,0.12129103425993093,80,0
nmtf,mu,1060,0.12128341096956985,80,0
nmtf,mu,1061,0.12127573026328364,80,0
nmtf,mu,1062,0.12126803873090553,80,0
nmtf,mu,1063,0.1212603783363444,80,0
nmtf,mu,1064,0.1212527592739382,80,0
nmtf,mu,1065,0.1212451649491827,80,0
nmtf,mu,1066,0.12123757327828255,80,0
nmtf,mu,1067,0.12122996884233783,80,0
nmtf,mu,1068,0.12122234328538206,80,0
nmtf,mu,1069,0.1212146926629678,80,0
nmtf,mu,1070,0.12120701688199975,80,0
nmtf,mu,1071,0.12119932077107487,80,0
nmtf,mu,1072,0.1211916138952206,80,0
nmtf,mu,1073,0.121183907542322,80,0
nmtf,mu,1074,0.12117621041889826,80,0
nmtf,mu,1075,0.12116852576783266,80,0
nmtf,mu,1076,0.12116085078553918,80,0
nmtf,mu,1077,0.12115317734884501,80,0
nmtf,mu,1078,0.12114549290981047,80,0
nmtf,mu,1079,0.12113778121437424,80,0
nmtf,mu,1080,0.12113002304685883,80,0
nmtf,mu,1081,0.12112219713772165,80,0
nmtf,mu,1082,0.12111428131043711,80,0
nmtf,mu,1083,0.12110625477080184,80,0
nmtf,mu,1084,0.12109810387369657,80,0
nmtf,mu,1085,0.12108983257949057,80,0
nmtf,mu,1086,0.12108147189211727,80,0
nmtf,mu,1087,0.12107307734255068,80,0
nmtf,mu,1088,0.12106471501582483,80,0
nmtf,mu,1089,0.12105644754401601,80,0
nmtf,mu,1090,0.12104831708326813,80,0
nmtf,mu,1091,0.12104033520472335,80,0
nmtf,mu,1092,0.12103249926188198,80,0
nmtf,mu,1093,0.12102480863623488,80,0
nmtf,mu,1094,0.12101726289721815,80,0
nmtf,mu,1095,0.1210098561835411,80,0
nmtf,mu,1096,0.1210025778412348,80,0
nmtf,mu,1097,0.12099541484815979,80,0
nmtf,mu,1098,0.1209883511179416,80,0
nmtf,mu,1099,0.12098136557322237,80,0
nmtf,mu,1100,0.1209744318463527,80,0
nmtf,mu,1101,0.12096752029742697,80,0
nmtf,mu,1102,0.120960601952944,80,0
nmtf,mu,1103,0.1209536539467424,80,0
nmtf,mu,1104,0.12094666623704553,80,0
nmtf,mu,1105,0.12093964852341377,80,0
nmtf,mu,1106,0.12093263363252293,80,0
nmtf,mu,1107,0.12092567183953318,80,0
nmtf,mu,1108,0.12091881492205125,80,0
nmtf,mu,1109,0.12091209801626723,80,0
nmtf,mu,1110,0.1209055306829323,80,0
nmtf,mu,1111,0.12089910112422975,80,0
nmtf,mu,1112,0.12089278780315404,80,0
nmtf,mu,1113,0.12088656970968059,80,0
nmtf,mu,1114,0.1208804310331546,80,0
nmtf,mu,1115,0.12087436143908847,80,0
nmtf,mu,1116,0.12086835393295114,80,0
nmtf,mu,1117,0.12086240052822872,80,0
nmtf,mu,1118,0.1208564859597131,80,0
nmtf,mu,1119,0.12085058171783092,80,0
nmtf,mu,1120,0.12084464372638237,80,0
nmtf,mu,1121,0.1208386157363932,80,0
nmtf,mu,1122,0.12083243927149101,80,0
nmtf,mu,1123,0.12082607115601096,80,0
nmtf,mu,1124,0.12081950690824517,80,0
nmtf,mu,1125,0.12081279711085524,80,0
nmtf,mu,1126,0.12080603528675138,80,0
nmtf,mu,1127,0.12079931642587816,80,0
nmtf,mu,1128,0.1207926999266623,80,0
nmtf,mu,1129,0.1207862022732824,80,0
nmtf,mu,1130,0.12077980874744654,80,0
nmtf,mu,1131,0.12077348663726528,80,0
nmtf,mu,1132,0.12076719495897137,80,0
nmtf,mu,1133,0.12076089172600857,80,0
nmtf,mu,1134,0.12075454004154318,80,0
nmtf,mu,1135,0.12074811322367973,80,0
nmtf,mu,1136,0.12074159796500805,80,0
nmtf,mu,1137,0.12073499433294121,80,0
nmtf,mu,1138,0.12072831265305295,80,0
nmtf,mu,1139,0.12072156889629437,80,0
nmtf,mu,1140,0.12071478052150764,80,0
nmtf,mu,1141,0.12070796365030834,80,0
nmtf,mu,1142,0.12070113159358264,80,0
nmtf,mu,1143,0.12069429522858022,80,0
nmtf,mu,1144,0.12068746624674431,80,0
nmtf,mu,1145,0.12068066221506124,80,0
nmtf,mu,1146,0.12067390783467236,80,0
nmtf,mu,1147,0.12066722686862652,80,0
nmtf,mu,1148,0.12066063000292016,80,0
nmtf,mu,1149,0.12065411197935838,80,0
nmtf,mu,1150,0.12064766089056811,80,0
nmtf,mu,1151,0.12064126944513576,80,0
nmtf,mu,1152,0.1206349402729332,80,0
nmtf,mu,1153,0.12062868486088052,80,0
nmtf,mu,1154,0.12062251798548895,80,0
nmtf,mu,1155,0.12061644999694265,80,0
nmtf,mu,1156,0.1206104809731553,80,0
nmtf,mu,1157,0.12060460044775101,80,0
nmtf,mu,1158,0.12059879265390816,80,0
nmtf,mu,1159,0.12059304352418587,80,0
nmtf,mu,1160,0.12058734495902312,80,0
nmtf,mu,1161,0.12058169380259343,80,0
nmtf,mu,1162,0.1205760864378056,80,0
nmtf,mu,1163,0.12057051300987154,80,0
nmtf,mu,1164,0.12056495503930365,80,0
nmtf,mu,1165,0.12055938699089208,80,0
nmtf,mu,1166,0.12055378020838847,80,0
nmtf,mu,1167,0.12054810774514779,80,0
nmtf,mu,1168,0.12054234894093308,80,0
nmtf,mu,1169,0.12053649230188868,80,0
nmtf,mu,1170,0.12053053567082284,80,0
nmtf,mu,1171,0.12052448434707963,80,0
nmtf,mu,1172,0.12051834843156939,80,0
nmtf,mu,1173,0.12051213862618393,80,0
nmtf,mu,1174,0.12050585872950381,80,0
nmtf,mu,1175,0.12049949684246908,80,0
nmtf,mu,1176,0.1204930218286413,80,0
nmtf,mu,1177,0.12048639346211121,80,0
nmtf,mu,1178,0.12047959584036783,80,0
nmtf,mu,1179,0.12047267888855429,80,0
nmtf,mu,1180,0.12046573433255303,80,0
nmtf,mu,1181,0.12045881907496547,80,0
nmtf,mu,1182,0.12045195867326453,80,0
nmtf,mu,1183,0.12044518439555274,80,0
nmtf,mu,1184,0.12043852328290539,80,0
nmtf,mu,1185,0.12043197965554364,80,0
nmtf,mu,1186,0.12042553903938125,80,0
nmtf,mu,1187,0.120419181258973,80,0
nmtf,mu,1188,0.12041288728037836,80,0
nmtf,mu,1189,0.12040664040605731,80,0
nmtf,mu,1190,0.12040042615812985,80,0
nmtf,mu,1191,0.12039423229315283,80,0
nmtf,mu,1192,0.1203880488751724,80,0
nmtf,mu,1193,0.12038186825714581,80,0
nmtf,mu,1194,0.12037568505767648,80,0
nmtf,mu,1195,0.12036949627614468,80,0
nmtf,mu,1196,0.12036330151714203,80,0
nmtf,mu,1197,0.12035710304882141,80,0
nmtf,mu,1198,0.12035090531646997,80,0
nmtf,mu,1199,0.12034471366985056,80,0
nmtf,mu,1200,0.1203385323465177,80,0
nmtf,mu,1201,0.1203323620793042,80,0
nmtf,mu,1202,0.12032619802032185,80,0
nmtf,mu,1203,0.1203200287970494,80,0
nmtf,mu,1204,0.12031383720588018,80,0
nmtf,mu,1205,0.12030760249379358,80,0
nmtf,mu,1206,0.12030130395413785,80,0
nmtf,mu,1207,0.12029492595564284,80,0
nmtf,mu,1208,0.12028846473791399,80,0
nmtf,mu,1209,0.12028193527536846,80,0
nmtf,mu,1210,0.12027537151168466,80,0
nmtf,mu,1211,0.12026881274704415,80,0
nmtf,mu,1212,0.12026228300854291,80,0
nmtf,mu,1213,0.12025578238194723,80,0
nmtf,mu,1214,0.12024929481886859,80,0
nmtf,mu,1215,0.12024279931685922,80,0
nmtf,mu,1216,0.12023627592886221,80,0
nmtf,mu,1217,0.12022970822601098,80,0
nmtf,mu,1218,0.12022308561149453,80,0
nmtf,mu,1219,0.12021640598677574,80,0
nmtf,mu,1220,0.12020967714797781,80,0
nmtf,mu,1221,0.12020291543753203,80,0
nmtf,mu,1222,0.12019614170234094,80,0
nmtf,mu,1223,0.12018937631087334,80,0
nmtf,mu,1224,0.12018263581490207,80,0
nmtf,mu,1225,0.12017593313953923,80,0
nmtf,mu,1226,0.12016928126875259,80,0
nmtf,mu,1227,0.12016269806437929,80,0
nmtf,mu,1228,0.12015620766718582,80,0
nmtf,mu,1229,0.12014983404704116,80,0
nmtf,mu,1230,0.12014358845430628,80,0
nmtf,mu,1231,0.12013746035176309,80,0
nmtf,mu,1232,0.12013141899664892,80,0
nmtf,mu,1233,0.12012542440984852,80,0
nmtf,mu,1234,0.12011944499950655,80,0
nmtf,mu,1235,0.12011347777584125,80,0
nmtf,mu,1236,0.1201075557949356,80,0
nmtf,mu,1237,0.12010172591957657,80,0
nmtf,mu,1238,0.12009601250933388,80,0
nmtf,mu,1239,0.12009040550889694,80,0
nmtf,mu,1240,0.12008487765943676,80,0
nmtf,mu,1241,0.12007940387224614,80,0
nmtf,mu,1242,0.12007396809492299,80,0
nmtf,mu,1243,0.12006856128397625,80,0
nmtf,mu,1244,0.12006317705256353,80,0
nmtf,mu,1245,0.12005780832460689,80,0
nmtf,mu,1246,0.12005244582394348,80,0
nmtf,mu,1247,0.12004707808487736,80,0
nmtf,mu,1248,0.12004169230208817,80,0
nmtf,mu,1249,0.12003627539661899,80,0
nmtf,mu,1250,0.12003081494898016,80,0
nmtf,mu,1251,0.12002529997801992,80,0
nmtf,mu,1252,0.12001972178649922,80,0
nmtf,mu,1253,0.12001407512563433,80,0
nmtf,mu,1254,0.12000835967488954,80,0
nmtf,mu,1255,0.12000258130779562,80,0
nmtf,mu,1256,0.11999675199091331,80,0
nmtf,mu,1257,0.11999088695682325,80,0
nmtf,mu,1258,0.11998499892092385,80,0
nmtf,mu,1259,0.11997909187962674,80,0
nmtf,mu,1260,0.11997315939926889,80,0
nmtf,mu,1261,0.11996719096000541,80,0
nmtf,mu,1262,0.11996118454463334,80,0
nmtf,mu,1263,0.11995515788062017,80,0
nmtf,mu,1264,0.11994914907466003,80,0
nmtf,mu,1265,0.11994320373354372,80,0
nmtf,mu,1266,0.11993735775748937,80,0
nmtf,mu,1267,0.11993162923611012,80,0
nmtf,mu,1268,0.11992602223815141,80,0
nmtf,mu,1269,0.11992053429508687,80,0
nmtf,mu,1270,0.11991516020925497,80,0
nmtf,mu,1271,0.11990989127530582,80,0
nmtf,mu,1272,0.11990471273487413,80,0
nmtf,mu,1273,0.11989960211092054,80,0
nmtf,mu,1274,0.11989452915188303,80,0
nmtf,mu,1275,0.11988945676976404,80,0
nmtf,mu,1276,0.11988434241738954,80,0
nmtf,mu,1277,0.1198791400959488,80,0
nmtf,mu,1278,0.1198738037543291,80,0
nmtf,mu,1279,0.11986829298981261,80,0
nmtf,mu,1280,0.11986258156459695,80,0
nmtf,mu,1281,0.11985666786913018,80,0
nmtf,mu,1282,0.11985058395912429,80,0
nmtf,mu,1283,0.11984439746604225,80,0
nmtf,mu,1284,0.11983820106814069,80,0
nmtf,mu,1285,0.1198320896051206,80,0
nmtf,mu,1286,0.1198261344584699,80,0
nmtf,mu,1287,0.11982036983644406,80,0
nmtf,mu,1288,0.11981479680064477,80,0
nmtf,mu,1289,0.11980939649960842,80,0
nmtf,mu,1290,0.11980414085834212,80,0
nmtf,mu,1291,0.11979899695675389,80,0
nmtf,mu,1292,0.1197939286704306,80,0
nmtf,mu,1293,0.11978889981139451,80,0
nmtf,mu,1294,0.11978387951719649,80,0
nmtf,mu,1295,0.11977884768505753,80,0
nmtf,mu,1296,0.1197737977122888,80,0
nmtf,mu,1297,0.11976873511693475,80,0
nmtf,mu,1298,0.11976367282474076,80,0
nmtf,mu,1299,0.1197586255868176,80,0
nmtf,mu,1300,0.11975360570084148,80,0
nmtf,mu,1301,0.11974862072813586,80,0
nmtf,mu,1302,0.11974367336034586,80,0
nmtf,mu,1303,0.1197387637265428,80,0
nmtf,mu,1304,0.11973389328290218,80,0
nmtf,mu,1305,0.11972906761555557,80,0
nmtf,mu,1306,0.1197242957635587,80,0
nmtf,mu,1307,0.1197195862864271,80,0
nmtf,mu,1308,0.11971494230450341,80,0
nmtf,mu,1309,0.11971035749071857,80,0
nmtf,mu,1310,0.1197058140701579,80,0
nmtf,mu,1311,0.11970128365608723,80,0
nmtf,mu,1312,0.11969673166253436,80,0
nmtf,mu,1313,0.11969212531317597,80,0
nmtf,mu,1314,0.11968744345143545,80,0
nmtf,mu,1315,0.11968268342946198,80,0
nmtf,mu,1316,0.1196778589911075,80,0
nmtf,mu,1317,0.11967298809141913,80,0
nmtf,mu,1318,0.11966807920310085,80,0
nmtf,mu,1319,0.1196631270536106,80,0
nmtf,mu,1320,0.11965811939575033,80,0
nmtf,mu,1321,0.11965304735030446,80,0
nmtf,mu,1322,0.11964791185645218,80,0
nmtf,mu,1323,0.11964272342713189,80,0
nmtf,mu,1324,0.11963749672281154,80,0
nmtf,mu,1325,0.1196322444768041,80,0
nmtf,mu,1326,0.11962697517000964,80,0
nmtf,mu,1327,0.11962169554442403,80,0
nmtf,mu,1328,0.11961641451522975,80,0
nmtf,mu,1329,0.1196111430333876,80,0
nmtf,mu,1330,0.11960588836942387,80,0
nmtf,mu,1331,0.11960064646819424,80,0
nmtf,mu,1332,0.11959539781728168,80,0
nmtf,mu,1333,0.11959010942919535,80,0
nmtf,mu,1334,0.11958474223638371,80,0
nmtf,mu,1335,0.11957926223661142,80,0
nmtf,mu,1336,0.11957365278474175,80,0
nmtf,mu,1337,0.11956792283971018,80,0
nmtf,mu,1338,0.11956210598745731,80,0
nmtf,mu,1339,0.11955625192233799,80,0
nmtf,mu,1340,0.11955041718619419,80,0
nmtf,mu,1341,0.11954465626152977,80,0
nmtf,mu,1342,0.11953901128430278,80,0
nmtf,mu,1343,0.11953350657795925,80,0
nmtf,mu,1344,0.11952815294125285,80,0
nmtf,mu,1345,0.11952295355542453,80,0
nmtf,mu,1346,0.1195179029575546,80,0
nmtf,mu,1347,0.11951298384360587,80,0
nmtf,mu,1348,0.11950817051073759,80,0
nmtf,mu,1349,0.1195034381936666,80,0
nmtf,mu,1350,0.11949876885683475,80,0
nmtf,mu,1351,0.11949414547570048,80,0
nmtf,mu,1352,0.1194895393080645,80,0
nmtf,mu,1353,0.11948490490807462,80,0
nmtf,mu,1354,0.1194801881704497,80,0
nmtf,mu,1355,0.11947533741424488,80,0
nmtf,mu,1356,0.11947030939642711,80,0
nmtf,mu,1357,0.11946507132826123,80,0
nmtf,mu,1358,0.1194596043631142,80,0
nmtf,mu,1359,0.11945391382632065,80,0
nmtf,mu,1360,0.1194480429785596,80,0
nmtf,mu,1361,0.11944207031800191,80,0
nmtf,mu,1362,0.11943607304307713,80,0
nmtf,mu,1363,0.11943008275356315,80,0
nmtf,mu,1364,0.11942407695941426,80,0
nmtf,mu,1365,0.11941800233767885,80,0
nmtf,mu,1366,0.11941180218162939,80,0
nmtf,mu,1367,0.11940544690923605,80,0
nmtf,mu,1368,0.11939897706407177,80,0
nmtf,mu,1369,0.1193925292672181,80,0
nmtf,mu,1370,0.11938627904175259,80,0
nmtf,mu,1371,0.11938032296165924,80,0
nmtf,mu,1372,0.11937463398141535,80,0
nmtf,mu,1373,0.11936911635647507,80,0
nmtf,mu,1374,0.11936367075214183,80,0
nmtf,mu,1375,0.11935823964232917,80,0
nmtf,mu,1376,0.11935284311185868,80,0
nmtf,mu,1377,0.11934757785497241,80,0
nmtf,mu,1378,0.1193425510691043,80,0
nmtf,mu,1379,0.11933780012594886,80,0
nmtf,mu,1380,0.11933328754866823,80,0
nmtf,mu,1381,0.11932895503191976,80,0
nmtf,mu,1382,0.11932476046370954,80,0
nmtf,mu,1383,0.11932068149906061,80,0
nmtf,mu,1384,0.11931670731730437,80,0
nmtf,mu,1385,0.11931283186652186,80,0
nmtf,mu,1386,0.11930904984788582,80,0
nmtf,mu,1387,0.11930535371057649,80,0
nmtf,mu,1388,0.11930173146081469,80,0
nmtf,mu,1389,0.11929816620632783,80,0
nmtf,mu,1390,0.11929463770352966,80,0
nmtf,mu,1391,0.11929112520434315,80,0
nmtf,mu,1392,0.11928761072301286,80,0
nmtf,mu,1393,0.11928408196109497,80,0
nmtf,mu,1394,0.11928053387264403,80,0
nmtf,mu,1395,0.11927696767774698,80,0
nmtf,mu,1396,0.11927338717940283,80,0
nmtf,mu,1397,0.11926979433673046,80,0
nmtf,mu,1398,0.11926618688404533,80,0
nmtf,mu,1399,0.11926255895497717,80,0
nmtf,mu,1400,0.11925890329618083,80,0
nmtf,mu,1401,0.11925521324738508,80,0
nmtf,mu,1402,0.11925148367758365,80,0
nmtf,mu,1403,0.11924771078625973,80,0
nmtf,mu,1404,0.11924389078544662,80,0
nmtf,mu,1405,0.11924001731322276,80,0
nmtf,mu,1406,0.11923607686813631,80,0
nmtf,mu,1407,0.119232041280944,80,0
nmtf,mu,1408,0.1192278594902737,80,0
nmtf,mu,1409,0.11922346269096196,80,0
nmtf,mu,1410,0.11921881395102563,80,0
nmtf,mu,1411,0.11921400770118928,80,0
nmtf,mu,1412,0.1192092922004474,80,0
nmtf,mu,1413,0.11920488004935681,80,0
nmtf,mu,1414,0.11920077929997841,80,0
nmtf,mu,1415,0.11919687440591231,80,0
nmtf,mu,1416,0.1191930571897315,80,0
nmtf,mu,1417,0.11918926150244291,80,0
nmtf,mu,1418,0.11918545100729738,80,0
nmtf,mu,1419,0.11918160596275129,80,0
nmtf,mu,1420,0.11917771550046519,80,0
nmtf,mu,1421,0.11917377241404503,80,0
nmtf,mu,1422,0.11916976947762359,80,0
nmtf,mu,1423,0.1191656981689172,80,0
nmtf,mu,1424,0.11916155042041388,80,0
nmtf,mu,1425,0.11915732299211323,80,0
nmtf,mu,1426,0.11915302283576579,80,0
nmtf,mu,1427,0.1191486698217008,80,0
nmtf,mu,1428,0.11914429287036843,80,0
nmtf,mu,1429,0.11913992027137532,80,0
nmtf,mu,1430,0.11913557104160177,80,0
nmtf,mu,1431,0.11913125302695371,80,0
nmtf,mu,1432,0.11912696657019717,80,0
nmtf,mu,1433,0.11912270927446533,80,0
nmtf,mu,1434,0.11911847906237882,80,0
nmtf,mu,1435,0.11911427479919767,80,0
nmtf,mu,1436,0.11911009490427793,80,0
nmtf,mu,1437,0.11910593524776802,80,0
nmtf,mu,1438,0.11910178778946301,80,0
nmtf,mu,1439,0.11909764059668926,80,0
nmtf,mu,1440,0.11909347890031263,80,0
nmtf,mu,1441,0.11908928651975914,80,0
nmtf,mu,1442,0.11908504737820136,80,0
nmtf,mu,1443,0.11908074776243116,80,0
nmtf,mu,1444,0.11907638106178253,80,0
nmtf,mu,1445,0.11907195606040821,80,0
nmtf,mu,1446,0.11906750450348247,80,0
nmtf,mu,1447,0.11906307705852814,80,0
nmtf,mu,1448,0.11905872357100311,80,0
nmtf,mu,1449,0.11905447383394518,80,0
nmtf,mu,1450,0.11905033731061165,80,0
nmtf,mu,1451,0.11904631580968794,80,0
nmtf,mu,1452,0.1190424083410827,80,0
nmtf,mu,1453,0.11903860233900387,80,0
nmtf,mu,1454,0.11903486783848705,80,0
nmtf,mu,1455,0.11903116545469072,80,0
nmtf,mu,1456,0.11902745822418248,80,0
nmtf,mu,1457,0.11902371792144761,80,0
nmtf,mu,1458,0.11901992589446331,80,0
nmtf,mu,1459,0.11901607076931342,80,0
nmtf,mu,1460,0.11901214624783707,80,0
nmtf,mu,1461,0.1190081547117321,80,0
nmtf,mu,1462,0.119004119364579,80,0
nmtf,mu,1463,0.11900009163950809,80,0
nmtf,mu,1464,0.11899613017512944,80,0
nmtf,mu,1465,0.11899226029618004,80,0
nmtf,mu,1466,0.11898846006587038,80,0
nmtf,mu,1467,0.11898468397775286,80,0
nmtf,mu,1468,0.1189808910192397,80,0
nmtf,mu,1469,0.11897705900995781,80,0
nmtf,mu,1470,0.1189731894262328,80,0
nmtf,mu,1471,0.1189693049237791,80,0
nmtf,mu,1472,0.1189654383470028,80,0
nmtf,mu,1473,0.11896161900865332,80,0
nmtf,mu,1474,0.11895786545660181,80,0
nmtf,mu,1475,0.11895418653498935,80,0
nmtf,mu,1476,0.11895058631677269,80,0
nmtf,mu,1477,0.1189470681500121,80,0
nmtf,mu,1478,0.11894363421157428,80,0
nmtf,mu,1479,0.11894028055676298,80,0
nmtf,mu,1480,0.11893699271751079,80,0
nmtf,mu,1481,0.11893374647708632,80,0
nmtf,mu,1482,0.11893051226046636,80,0
nmtf,mu,1483,0.11892725819047456,80,0
nmtf,mu,1484,0.1189239501171786,80,0
nmtf,mu,1485,0.11892055147995617,80,0
nmtf,mu,1486,0.11891702602605558,80,0
nmtf,mu,1487,0.11891334356723982,80,0
nmtf,mu,1488,0.11890948694729109,80,0
nmtf,mu,1489,0.11890545699138921,80,0
nmtf,mu,1490,0.11890127083361679,80,0
nmtf,mu,1491,0.1188969506524068,80,0
nmtf,mu,1492,0.118892507489754,80,0
nmtf,mu,1493,0.1188879336238865,80,0
nmtf,mu,1494,0.11888321385265521,80,0
nmtf,mu,1495,0.11887834838365885,80,0
nmtf,mu,1496,0.11887336597270459,80,0
nmtf,mu,1497,0.1188683137605433,80,0
nmtf,mu,1498,0.11886323463138149,80,0
nmtf,mu,1499,0.11885815377109976,80,0
nmtf,mu,1500,0.11885307871232065,80,0
nmtf,mu,1501,0.11884800159754216,80,0
nmtf,mu,1502,0.11884290095765115,80,0
nmtf,mu,1503,0.11883775296545629,80,0
nmtf,mu,1504,0.1188325571353942,80,0
nmtf,mu,1505,0.11882736075016087,80,0
nmtf,mu,1506,0.11882225196339602,80,0
nmtf,mu,1507,0.11881731840624032,80,0
nmtf,mu,1508,0.11881261660487741,80,0
nmtf,mu,1509,0.11880817539975341,80,0
nmtf,mu,1510,0.11880399818239706,80,0
nmtf,mu,1511,0.11880005689148443,80,0
nmtf,mu,1512,0.1187963041022072,80,0
nmtf,mu,1513,0.11879269324753738,80,0
nmtf,mu,1514,0.1187891868175257,80,0
nmtf,mu,1515,0.11878575523366197,80,0
nmtf,mu,1516,0.11878237469699138,80,0
nmtf,mu,1517,0.11877902626853543,80,0
nmtf,mu,1518,0.11877569523345732,80,0
nmtf,mu,1519,0.1187723698047185,80,0
nmtf,mu,1520,0.11876903880499312,80,0
nmtf,mu,1521,0.11876568820198274,80,0
nmtf,mu,1522,0.11876229658565773,80,0
nmtf,mu,1523,0.11875883039735324,80,0
nmtf,mu,1524,0.11875524111801805,80,0
nmtf,mu,1525,0.11875146829062744,80,0
nmtf,mu,1526,0.11874745287857169,80,0
nmtf,mu,1527,0.11874316255608086,80,0
nmtf,mu,1528,0.11873862031109617,80,0
nmtf,mu,1529,0.11873391177659676,80,0
nmtf,mu,1530,0.11872914880125174,80,0
nmtf,mu,1531,0.11872441122814525,80,0
nmtf,mu,1532,0.11871972615559412,80,0
nmtf,mu,1533,0.11871510583506106,80,0
nmtf,mu,1534,0.11871059873606638,80,0
nmtf,mu,1535,0.11870628706994801,80,0
nmtf,mu,1536,0.11870222026789679,80,0
nmtf,mu,1537,0.11869836933422984,80,0
nmtf,mu,1538,0.11869465536340751,80,0
nmtf,mu,1539,0.11869099843396069,80,0
nmtf,mu,1540,0.11868734098418787,80,0
nmtf,mu,1541,0.11868365091379762,80,0
nmtf,mu,1542,0.11867991716800397,80,0
nmtf,mu,1543,0.11867614213703648,80,0
nmtf,mu,1544,0.11867233326722115,80,0
nmtf,mu,1545,0.11866849794646483,80,0
nmtf,mu,1546,0.11866464388556874,80,0
nmtf,mu,1547,0.11866078238734079,80,0
nmtf,mu,1548,0.11865693034158786,80,0
nmtf,mu,1549,0.11865310839840482,80,0
nmtf,mu,1550,0.11864933547377998,80,0
nmtf,mu,1551,0.11864562391773026,80,0
nmtf,mu,1552,0.11864198046922703,80,0
nmtf,mu,1553,0.1186384117308299,80,0
nmtf,mu,1554,0.11863492623937566,80,0
nmtf,mu,1555,0.11863152872332594,80,0
nmtf,mu,1556,0.1186282129673738,80,0
nmtf,mu,1557,0.11862496162863567,80,0
nmtf,mu,1558,0.11862175208180337,80,0
nmtf,mu,1559,0.11861856236443336,80,0
nmtf,mu,1560,0.1186153745260845,80,0
nmtf,mu,1561,0.1186121758196983,80,0
nmtf,mu,1562,0.11860895835033991,80,0
nmtf,mu,1563,0.11860571747358961,80,0
nmtf,mu,1564,0.11860244965253985,80,0
nmtf,mu,1565,0.11859915095364804,80,0
nmtf,mu,1566,0.11859581709692746,80,0
nmtf,mu,1567,0.11859244506351452,80,0
nmtf,mu,1568,0.11858903529849052,80,0
nmtf,mu,1569,0.11858559299050808,80,0
nmtf,mu,1570,0.1185821272259554,80,0
nmtf,mu,1571,0.1185786483689385,80,0
nmtf,mu,1572,0.11857516582801486,80,0
nmtf,mu,1573,0.11857168823834918,80,0
nmtf,mu,1574,0.11856822568930936,80,0
nmtf,mu,1575,0.11856479164060219,80,0
nmtf,mu,1576,0.11856140267071558,80,0
nmtf,mu,1577,0.11855807622104786,80,0
nmtf,mu,1578,0.1185548278746773,80,0
nmtf,mu,1579,0.11855166949012808,80,0
nmtf,mu,1580,0.11854860841448578,80,0
nmtf,mu,1581,0.1185456472888029,80,0
nmtf,mu,1582,0.11854278408476904,80,0
nmtf,mu,1583,0.11854001245115797,80,0
nmtf,mu,1584,0.11853732259889316,80,0
nmtf,mu,1585,0.11853470273673195,80,0
nmtf,mu,1586,0.11853214074322538,80,0
nmtf,mu,1587,0.11852962558833591,80,0
nmtf,mu,1588,0.11852714812266951,80,0
nmtf,mu,1589,0.11852470112797675,80,0
nmtf,mu,1590,0.11852227875783339,80,0
nmtf,mu,1591,0.11851987558530397,80,0
nmtf,mu,1592,0.1185174854180695,80,0
nmtf,mu,1593,0.11851509988186082,80,0
nmtf,mu,1594,0.1185127066157522,80,0
nmtf,mu,1595,0.11851028707715616,80,0
nmtf,mu,1596,0.11850781519716491,80,0
nmtf,mu,1597,0.11850526166258835,80,0
nmtf,mu,1598,0.11850261282299579,80,0
nmtf,mu,1599,0.118499903666343,80,0
nmtf,mu,1600,0.11849722484928571,80,0
nmtf,mu,1601,0.11849466041570922,80,0
nmtf,mu,1602,0.11849222282485161,80,0
nmtf,mu,1603,0.11848987102443598,80,0
nmtf,mu,1604,0.11848755957216206,80,0
nmtf,mu,1605,0.11848525598442883,80,0
nmtf,mu,1606,0.11848293454512382,80,0
nmtf,mu,1607,0.11848056564176546,80,0
nmtf,mu,1608,0.11847810591540697,80,0
nmtf,mu,1609,0.11847549250850686,80,0
nmtf,mu,1610,0.11847265685941466,80,0
nmtf,mu,1611,0.11846958603347812,80,0
nmtf,mu,1612,0.11846640526032237,80,0
nmtf,mu,1613,0.11846332525730574,80,0
nmtf,mu,1614,0.11846044386379928,80,0
nmtf,mu,1615,0.11845770311160175,80,0
nmtf,mu,1616,0.11845501098932598,80,0
nmtf,mu,1617,0.11845230643451954,80,0
nmtf,mu,1618,0.1184495542839249,80,0
nmtf,mu,1619,0.11844673164387187,80,0
nmtf,mu,1620,0.11844382340761073,80,0
nmtf,mu,1621,0.11844082387106092,80,0
nmtf,mu,1622,0.11843774022635134,80,0
nmtf,mu,1623,0.11843459479167362,80,0
nmtf,mu,1624,0.11843142280950536,80,0
nmtf,mu,1625,0.11842826390043826,80,0
nmtf,mu,1626,0.11842514961487405,80,0
nmtf,mu,1627,0.11842209379487623,80,0
nmtf,mu,1628,0.11841909125315575,80,0
nmtf,mu,1629,0.11841612436912996,80,0
nmtf,mu,1630,0.11841317290256892,80,0
nmtf,mu,1631,0.11841022222489783,80,0
nmtf,mu,1632,0.11840726699098636,80,0
nmtf,mu,1633,0.11840430985395078,80,0
nmtf,mu,1634,0.11840135777503025,80,0
nmtf,mu,1635,0.11839841912284432,80,0
nmtf,mu,1636,0.11839550248845854,80,0
nmtf,mu,1637,0.11839261602838902,80,0
nmtf,mu,1638,0.11838976597569706,80,0
nmtf,mu,1639,0.11838695443757352,80,0
nmtf,mu,1640,0.11838417815404523,80,0
nmtf,mu,1641,0.11838142966828902,80,0
nmtf,mu,1642,0.11837870052056676,80,0
nmtf,mu,1643,0.11837598455399145,80,0
nmtf,mu,1644,0.11837327937072917,80,0
nmtf,mu,1645,0.11837058511466614,80,0
nmtf,mu,1646,0.11836790138340514,80,0
nmtf,mu,1647,0.11836522439407715,80,0
nmtf,mu,1648,0.11836254663000845,80,0
nmtf,mu,1649,0.11835985976341845,80,0
nmtf,mu,1650,0.1183571594334184,80,0
nmtf,mu,1651,0.1183544487367354,80,0
nmtf,mu,1652,0.11835173743757965,80,0
nmtf,mu,1653,0.11834903698518495,80,0
nmtf,mu,1654,0.1183463560144532,80,0
nmtf,mu,1655,0.11834370162734054,80,0
nmtf,mu,1656,0.11834108413256139,80,0
nmtf,mu,1657,0.11833851477228752,80,0
nmtf,mu,1658,0.11833599436294573,80,0
nmtf,mu,1659,0.11833350761702788,80,0
nmtf,mu,1660,0.11833103076876605,80,0
nmtf,mu,1661,0.11832854177458973,80,0
nmtf,mu,1662,0.11832602447414131,80,0
nmtf,mu,1663,0.11832346799751692,80,0
nmtf,mu,1664,0.11832086469352199,80,0
nmtf,mu,1665,0.11831820824256434,80,0
nmtf,mu,1666,0.11831549308095801,80,0
nmtf,mu,1667,0.11831271611714422,80,0
nmtf,mu,1668,0.11830988050498792,80,0
nmtf,mu,1669,0.11830699947027767,80,0
nmtf,mu,1670,0.11830409722775714,80,0
nmtf,mu,1671,0.11830120472476591,80,0
nmtf,mu,1672,0.11829835079352768,80,0
nmtf,mu,1673,0.11829555303436123,80,0
nmtf,mu,1674,0.11829281360946142,80,0
nmtf,mu,1675,0.11829012136437311,80,0
nmtf,mu,1676,0.11828745713443745,80,0
nmtf,mu,1677,0.11828479792943891,80,0
nmtf,mu,1678,0.11828211726485616,80,0
nmtf,mu,1679,0.11827938046029007,80,0
nmtf,mu,1680,0.11827653462315779,80,0
nmtf,mu,1681,0.11827349602927262,80,0
nmtf,mu,1682,0.11827014992906915,80,0
nmtf,mu,1683,0.118266404842992,80,0
nmtf,mu,1684,0.11826233747908355,80,0
nmtf,mu,1685,0.11825828792825255,80,0
nmtf,mu,1686,0.11825462309204426,80,0
nmtf,mu,1687,0.11825141236381864,80,0
nmtf,mu,1688,0.11824850489123917,80,0
nmtf,mu,1689,0.11824575338423116,80,0
nmtf,mu,1690,0.11824307561108283,80,0
nmtf,mu,1691,0.11824042825186121,80,0
nmtf,mu,1692,0.11823778306043409,80,0
nmtf,mu,1693,0.11823511800883746,80,0
nmtf,mu,1694,0.11823241665094131,80,0
nmtf,mu,1695,0.11822966995880146,80,0
nmtf,mu,1696,0.11822687539274712,80,0
nmtf,mu,1697,0.1182240295736876,80,0
nmtf,mu,1698,0.11822111792511003,80,0
nmtf,mu,1699,0.11821811034947172,80,0
nmtf,mu,1700,0.11821496711080004,80,0
nmtf,mu,1701,0.11821165128146316,80,0
nmtf,mu,1702,0.11820814343241481,80,0
nmtf,mu,1703,0.11820445542779745,80,0
nmtf,mu,1704,0.11820063730981045,80,0
nmtf,mu,1705,0.11819676890946773,80,0
nmtf,mu,1706,0.11819293417485122,80,0
nmtf,mu,1707,0.11818919094430858,80,0
nmtf,mu,1708,0.11818555658393326,80,0
nmtf,mu,1709,0.11818201685450491,80,0
nmtf,mu,1710,0.11817854521883786,80,0
nmtf,mu,1711,0.11817511610146336,80,0
nmtf,mu,1712,0.11817170708406088,80,0
nmtf,mu,1713,0.1181682954946438,80,0
nmtf,mu,1714,0.11816485699420864,80,0
nmtf,mu,1715,0.11816136960178802,80,0
nmtf,mu,1716,0.11815782090685056,80,0
nmtf,mu,1717,0.11815421292802719,80,0
nmtf,mu,1718,0.11815055973703925,80,0
nmtf,mu,1719,0.11814687777947896,80,0
nmtf,mu,1720,0.11814317522545692,80,0
nmtf,mu,1721,0.11813944836079182,80,0
nmtf,mu,1722,0.11813568782442752,80,0
nmtf,mu,1723,0.11813189149065506,80,0
nmtf,mu,1724,0.1181280779077617,80,0
nmtf,mu,1725,0.11812429158652238,80,0
nmtf,mu,1726,0.11812059087557736,80,0
nmtf,mu,1727,0.11811702082343223,80,0
nmtf,mu,1728,0.11811359184543835,80,0
nmtf,mu,1729,0.11811028176939797,80,0
nmtf,mu,1730,0.11810705383802023,80,0
nmtf,mu,1731,0.11810387235557218,80,0
nmtf,mu,1732,0.11810070850158938,80,0
nmtf,mu,1733,0.1180975397027294,80,0
nmtf,mu,1734,0.11809434788088846,80,0
nmtf,mu,1735,0.11809111971974673,80,0
nmtf,mu,1736,0.1180878496603982,80,0
nmtf,mu,1737,0.11808454398600077,80,0
nmtf,mu,1738,0.11808122214134142,80,0
nmtf,mu,1739,0.11807791135370305,80,0
nmtf,mu,1740,0.11807463500183835,80,0
nmtf,mu,1741,0.11807140132928218,80,0
nmtf,mu,1742,0.11806819978238536,80,0
nmtf,mu,1743,0.11806500639298789,80,0
nmtf,mu,1744,0.11806179479787027,80,0
nmtf,mu,1745,0.1180585493204912,80,0
nmtf,mu,1746,0.11805527590180753,80,0
nmtf,mu,1747,0.11805200274305327,80,0
nmtf,mu,1748,0.1180487645565258,80,0
nmtf,mu,1749,0.11804558043832492,80,0
nmtf,mu,1750,0.11804244674848408,80,0
nmtf,mu,1751,0.11803935178309333,80,0
nmtf,mu,1752,0.11803629781950853,80,0
nmtf,mu,1753,0.118033310498738,80,0
nmtf,mu,1754,0.11803042382644091,80,0
nmtf,mu,1755,0.11802765251456326,80,0
nmtf,mu,1756,0.1180249805674991,80,0
nmtf,mu,1757,0.11802237391295056,80,0
nmtf,mu,1758,0.11801979783941874,80,0
nmtf,mu,1759,0.11801722546212101,80,0
nmtf,mu,1760,0.11801463914854549,80,0
nmtf,mu,1761,0.11801203030891128,80,0
nmtf,mu,1762,0.1180093992190917,80,0
nmtf,mu,1763,0.11800675348671374,80,0
nmtf,mu,1764,0.1180041036147308,80,0
nmtf,mu,1765,0.11800145651150973,80,0
nmtf,mu,1766,0.11799881039066928,80,0
nmtf,mu,1767,0.1179961541967165,80,0
nmtf,mu,1768,0.11799347146369543,80,0
nmtf,mu,1769,0.11799074564784662,80,0
nmtf,mu,1770,0.11798796371783082,80,0
nmtf,mu,1771,0.11798511694823643,80,0
nmtf,mu,1772,0.11798220154553507,80,0
nmtf,mu,1773,0.11797922381926307,80,0
nmtf,mu,1774,0.11797620867243708,80,0
nmtf,mu,1775,0.11797319772261272,80,0
nmtf,mu,1776,0.1179702265261644,80,0
nmtf,mu,1777,0.11796729948784257,80,0
nmtf,mu,1778,0.11796439139349302,80,0
nmtf,mu,1779,0.11796147201225149,80,0
nmtf,mu,1780,0.11795852825053121,80,0
nmtf,mu,1781,0.11795556946804897,80,0
nmtf,mu,1782,0.11795261663063672,80,0
nmtf,mu,1783,0.11794968577885423,80,0
nmtf,mu,1784,0.11794678125825331,80,0
nmtf,mu,1785,0.11794390481598194,80,0
nmtf,mu,1786,0.11794106834973983,80,0
nmtf,mu,1787,0.11793829291903479,80,0
nmtf,mu,1788,0.11793559330254766,80,0
nmtf,mu,1789,0.11793296591448577,80,0
nmtf,mu,1790,0.11793039228785218,80,0
nmtf,mu,1791,0.11792785092634595,80,0
nmtf,mu,1792,0.11792532575685899,80,0
nmtf,mu,1793,0.11792280811242184,80,0
nmtf,mu,1794,0.11792029490523481,80,0
nmtf,mu,1795,0.11791778564215682,80,0
nmtf,mu,1796,0.11791527960680126,80,0
nmtf,mu,1797,0.11791277384237098,80,0
nmtf,mu,1798,0.11791026225116008,80,0
nmtf,mu,1799,0.1179077357901609,80,0
nmtf,mu,1800,0.11790518341962342,80,0
nmtf,mu,1801,0.11790259333183473,80,0
nmtf,mu,1802,0.11789995410401632,80,0
nmtf,mu,1803,0.11789725568489273,80,0
nmtf,mu,1804,0.11789449040554756,80,0
nmtf,mu,1805,0.11789165439364913,80,0
nmtf,mu,1806,0.11788874970911745,80,0
nmtf,mu,1807,0.1178857868968276,80,0
nmtf,mu,1808,0.11788278628457338,80,0
nmtf,mu,1809,0.1178797752434193,80,0
nmtf,mu,1810,0.11787678031367166,80,0
nmtf,mu,1811,0.11787381803833319,80,0
nmtf,mu,1812,0.11787089097518655,80,0
nmtf,mu,1813,0.11786799093983047,80,0
nmtf,mu,1814,0.11786510539836692,80,0
nmtf,mu,1815,0.1178622223529272,80,0
nmtf,mu,1816,0.11785933248649116,80,0
nmtf,mu,1817,0.11785642973113386,80,0
nmtf,mu,1818,0.11785351151102397,80,0
nmtf,mu,1819,0.11785057899218421,80,0
nmtf,mu,1820,0.11784763690020716,80,0
nmtf,mu,1821,0.11784469232818195,80,0
nmtf,mu,1822,0.11784175249783302,80,0
nmtf,mu,1823,0.11783882228065612,80,0
nmtf,mu,1824,0.11783590274072864,80,0
nmtf,mu,1825,0.11783299156390603,80,0
nmtf,mu,1826,0.11783008523862326,80,0
nmtf,mu,1827,0.11782718194358555,80,0
nmtf,mu,1828,0.1178242837433412,80,0
nmtf,mu,1829,0.11782139694831961,80,0
nmtf,mu,1830,0.1178185302751491,80,0
nmtf,mu,1831,0.11781569156009919,80,0
nmtf,mu,1832,0.11781288470203177,80,0
nmtf,mu,1833,0.11781010850242757,80,0
nmtf,mu,1834,0.11780735793162411,80,0
nmtf,mu,1835,0.11780462686813475,80,0
nmtf,mu,1836,0.11780191060906853,80,0
nmtf,mu,1837,0.11779920681723122,80,0
nmtf,mu,1838,0.117796514645643,80,0
nmtf,mu,1839,0.11779383285107858,80,0
nmtf,mu,1840,0.11779115816658059,80,0
nmtf,mu,1841,0.11778848486733806,80,0
nmtf,mu,1842,0.11778580567487162,80,0
nmtf,mu,1843,0.11778311339375325,80,0
nmtf,mu,1844,0.1177804022571256,80,0
nmtf,mu,1845,0.11777766808016243,80,0
nmtf,mu,1846,0.11777490714558125,80,0
nmtf,mu,1847,0.11777211486106332,80,0
nmtf,mu,1848,0.11776928553220656,80,0
nmtf,mu,1849,0.11776641358039497,80,0
nmtf,mu,1850,0.11776349527700625,80,0
nmtf,mu,1851,0.11776052990540375,80,0
nmtf,mu,1852,0.11775752012925078,80,0
nmtf,mu,1853,0.11775447212226242,80,0
nmtf,mu,1854,0.11775139587070893,80,0
nmtf,mu,1855,0.1177483050766911,80,0
nmtf,mu,1856,0.11774521519240999,80,0
nmtf,mu,1857,0.11774213859221605,80,0
nmtf,mu,1858,0.11773907811173023,80,0
nmtf,mu,1859,0.1177360223457824,80,0
nmtf,mu,1860,0.11773294566602488,80,0
nmtf,mu,1861,0.11772981305253372,80,0
nmtf,mu,1862,0.11772658744897935,80,0
nmtf,mu,1863,0.11772323729133216,80,0
nmtf,mu,1864,0.11771974309370803,80,0
nmtf,mu,1865,0.11771610281500922,80,0
nmtf,mu,1866,0.11771233574708051,80,0
nmtf,mu,1867,0.11770848410582635,80,0
nmtf,mu,1868,0.11770461042215241,80,0
nmtf,mu,1869,0.11770078778227833,80,0
nmtf,mu,1870,0.11769708182691774,80,0
nmtf,mu,1871,0.11769353105121516,80,0
nmtf,mu,1872,0.11769013794764482,80,0
nmtf,mu,1873,0.1176868757018611,80,0
nmtf,mu,1874,0.11768370225011238,80,0
nmtf,mu,1875,0.1176805721695976,80,0
nmtf,mu,1876,0.11767744337356612,80,0
nmtf,mu,1877,0.11767428005682168,80,0
nmtf,mu,1878,0.11767105429752256,80,0
nmtf,mu,1879,0.11766774807740588,80,0
nmtf,mu,1880,0.11766435641579409,80,0
nmtf,mu,1881,0.11766089110076472,80,0
nmtf,mu,1882,0.1176573830296771,80,0
nmtf,mu,1883,0.11765387988198361,80,0
nmtf,mu,1884,0.11765043657915597,80,0
nmtf,mu,1885,0.11764710044143634,80,0
nmtf,mu,1886,0.11764389843889378,80,0
nmtf,mu,1887,0.11764083380571555,80,0
nmtf,mu,1888,0.1176378923257968,80,0
nmtf,mu,1889,0.11763505240383565,80,0
nmtf,mu,1890,0.11763229312965617,80,0
nmtf,mu,1891,0.11762959820890762,80,0
nmtf,mu,1892,0.11762695642244947,80,0
nmtf,mu,1893,0.11762436012012611,80,0
nmtf,mu,1894,0.11762180305471392,80,0
nmtf,mu,1895,0.11761927841581943,80,0
nmtf,mu,1896,0.11761677754706268,80,0
nmtf,mu,1897,0.11761428957556419,80,0
nmtf,mu,1898,0.11761180210872402,80,0
nmtf,mu,1899,0.11760930320208884,80,0
nmtf,mu,1900,0.11760678446813622,80,0
nmtf,mu,1901,0.11760424375773715,80,0
nmtf,mu,1902,0.11760168418345962,80,0
nmtf,mu,1903,0.11759910827070852,80,0
nmtf,mu,1904,0.11759651262382731,80,0
nmtf,mu,1905,0.11759389063574754,80,0
nmtf,mu,1906,0.11759124238209118,80,0
nmtf,mu,1907,0.1175885809437861,80,0
nmtf,mu,1908,0.11758592556934822,80,0
nmtf,mu,1909,0.11758328802595464,80,0
nmtf,mu,1910,0.11758066838729164,80,0
nmtf,mu,1911,0.11757806179308361,80,0
nmtf,mu,1912,0.11757546511357264,80,0
nmtf,mu,1913,0.11757287861449328,80,0
nmtf,mu,1914,0.11757030474893437,80,0
nmtf,mu,1915,0.11756774651050139,80,0
nmtf,mu,1916,0.11756520631153944,80,0
nmtf,mu,1917,0.117562685579777,80,0
nmtf,mu,1918,0.11756018493498799,80,0
nmtf,mu,1919,0.11755770454957604,80,0
nmtf,mu,1920,0.11755524418437358,80,0
nmtf,mu,1921,0.11755280265537082,80,0
nmtf,mu,1922,0.1175503770631996,80,0
nmtf,mu,1923,0.11754796245639354,80,0
nmtf,mu,1924,0.11754555226331886,80,0
nmtf,mu,1925,0.11754313917405879,80,0
nmtf,mu,1926,0.11754071589840975,80,0
nmtf,mu,1927,0.1175382755153489,80,0
nmtf,mu,1928,0.11753581154584036,80,0
nmtf,mu,1929,0.11753331807432965,80,0
nmtf,mu,1930,0.11753079017961099,80,0
nmtf,mu,1931,0.1175282247235575,80,0
nmtf,mu,1932,0.1175256212786796,80,0
nmtf,mu,1933,0.11752298272170425,80,0
nmtf,mu,1934,0.11752031490743642,80,0
nmtf,mu,1935,0.11751762505909902,80,0
nmtf,mu,1936,0.11751491914380119,80,0
nmtf,mu,1937,0.11751219926016321,80,0
nmtf,mu,1938,0.11750946239542148,80,0
nmtf,mu,1939,0.11750670148837172,80,0
nmtf,mu,1940,0.11750390879978978,80,0
nmtf,mu,1941,0.11750108064650144,80,0
nmtf,mu,1942,0.11749822188132508,80,0
nmtf,mu,1943,0.11749534814466078,80,0
nmtf,mu,1944,0.11749248410509239,80,0
nmtf,mu,1945,0.11748965720580729,80,0
nmtf,mu,1946,0.11748688891131354,80,0
nmtf,mu,1947,0.11748418757042656,80,0
nmtf,mu,1948,0.11748154649906017,80,0
nmtf,mu,1949,0.11747894769073486,80,0
nmtf,mu,1950,0.11747636855110455,80,0
nmtf,mu,1951,0.11747378852340695,80,0
nmtf,mu,1952,0.11747119372932002,80,0
nmtf,mu,1953,0.11746857896160279,80,0
nmtf,mu,1954,0.11746594697931845,80,0
nmtf,mu,1955,0.11746330565164398,80,0
nmtf,mu,1956,0.11746066426445667,80,0
nmtf,mu,1957,0.117458030542677,80,0
nmtf,mu,1958,0.11745540920358055,80,0
nmtf,mu,1959,0.11745280184787177,80,0
nmtf,mu,1960,0.11745020760102265,80,0
nmtf,mu,1961,0.11744762405642972,80,0
nmtf,mu,1962,0.1174450482081516,80,0
nmtf,mu,1963,0.11744247709149602,80,0
nmtf,mu,1964,0.1174399079772388,80,0
nmtf,mu,1965,0.11743733821672386,80,0
nmtf,mu,1966,0.11743476504129835,80,0
nmtf,mu,1967,0.11743218565069924,80,0
nmtf,mu,1968,0.1174295977792773,80,0
nmtf,mu,1969,0.11742700065501277,80,0
nmtf,mu,1970,0.11742439590239784,80,0
nmtf,mu,1971,0.1174217876110929,80,0
nmtf,mu,1972,0.11741918085941372,80,0
nmtf,mu,1973,0.11741657880384948,80,0
nmtf,mu,1974,0.11741397965039257,80,0
nmtf,mu,1975,0.11741137523031508,80,0
nmtf,mu,1976,0.11740875193236955,80,0
nmtf,mu,1977,0.11740609340720631,80,0
nmtf,mu,1978,0.11740338403066919,80,0
nmtf,mu,1979,0.11740061248755929,80,0
nmtf,mu,1980,0.11739777504954696,80,0
nmtf,mu,1981,0.11739487785169,80,0
nmtf,mu,1982,0.1173919374197262,80,0
nmtf,mu,1983,0.11738897936851378,80,0
nmtf,mu,1984,0.1173860355935501,80,0
nmtf,mu,1985,0.11738313941756306,80,0
nmtf,mu,1986,0.11738031804848115,80,0
nmtf,mu,1987,0.11737758469005488,80,0
nmtf,mu,1988,0.11737493531478849,80,0
nmtf,mu,1989,0.11737235237727628,80,0
nmtf,mu,1990,0.11736981207610653,80,0
nmtf,mu,1991,0.1173672896729614,80,0
nmtf,mu,1992,0.11736476010326602,80,0
nmtf,mu,1993,0.11736219533574366,80,0
nmtf,mu,1994,0.11735956309068052,80,0
nmtf,mu,1995,0.1173568326582618,80,0
nmtf,mu,1996,0.11735399086774412,80,0
nmtf,mu,1997,0.117351060847664,80,0
nmtf,mu,1998,0.11734810162215326,80,0
